"文件","模块及功能范围","归属","风险","检查状态","审阅方法及边界","审阅者","问题ID","修复状态","验证结果及限制","SHA256","字节数","快照说明"
".env.example","应用入口/路由/类型/根配置","自有","常规","已纳入并检查（方法及运行限制见本行）","完整自有源码或配置审阅；AST/边界/安全/构建或对应检查；新增并行项目模块经独立补读","root/independent_review","","未另确认缺陷；不等于证明无缺陷","静态检查、相关运行时回归或构建；每文件百分比未测出时不伪造","1efb3107cefefcabbda2862d8948ada2623e8302a0a62c4e30b83ed52f4eb532","224","交付快照"
".gitattributes","应用入口/路由/类型/根配置","自有","常规","已纳入并检查（方法及运行限制见本行）","完整自有源码或配置审阅；AST/边界/安全/构建或对应检查；新增并行项目模块经独立补读","root/independent_review","","未另确认缺陷；不等于证明无缺陷","静态检查、相关运行时回归或构建；每文件百分比未测出时不伪造","1d55de897a1bfc09b818e97dc76b562532e8864523eddde19cfc646c3afb98e6","1611","交付快照"
".github/workflows/ci.yml","CI/CD","自有","中","已纳入并检查（方法及运行限制见本行）","Permissions, triggers, concurrency, timeouts, lockfile installs, quality/config/bundle checks, artifact retention, Windows package validation and root/desktop dependency audit gates.","backend_audit/independent_review","B10","fixed","静态检查、相关运行时回归或构建；每文件百分比未测出时不伪造","ac51805f09ce0b9eeb78758d4701fd90639a66b1ad815f09ab938ded7c306bce","3154","交付快照"
".github/workflows/desktop-release.yml","CI/CD","自有","较高（数据/权限/时间/金额/运行边界）","已纳入并检查（方法及运行限制见本行）","Tag/version guard, quality gates before publishing, signature gate, secrets remain server-side, minimum release permissions, GitHub token scope and release artifact upload. No workflow dispatched.","backend_audit","","未另确认缺陷；不等于证明无缺陷","静态检查、相关运行时回归或构建；每文件百分比未测出时不伪造","fde01561eb46f7dd3f89f8098962c27a37a18949cee4cd3d5661afe7c4ce493a","2543","交付快照"
".gitignore","应用入口/路由/类型/根配置","自有","常规","已纳入并检查（方法及运行限制见本行）","完整自有源码或配置审阅；AST/边界/安全/构建或对应检查；新增并行项目模块经独立补读","root/independent_review","","未另确认缺陷；不等于证明无缺陷","静态检查、相关运行时回归或构建；每文件百分比未测出时不伪造","471221e9ae1becf898dab42bc0a4be505e92fa86e2fbe33be3aafa6f93158680","1822","交付快照"
".nvmrc","应用入口/路由/类型/根配置","自有","常规","已纳入并检查（方法及运行限制见本行）","完整自有源码或配置审阅；AST/边界/安全/构建或对应检查；新增并行项目模块经独立补读","root/independent_review","","未另确认缺陷；不等于证明无缺陷","静态检查、相关运行时回归或构建；每文件百分比未测出时不伪造","785f3ec7eb32f30b90cd0fcf3657d388b5ff4297f2f9716ff66e9b69c05ddd09","2","交付快照"
".vscode/extensions.json","应用入口/路由/类型/根配置","自有","常规","已纳入并检查（方法及运行限制见本行）","完整自有源码或配置审阅；AST/边界/安全/构建或对应检查；新增并行项目模块经独立补读","root/independent_review","","未另确认缺陷；不等于证明无缺陷","静态检查、相关运行时回归或构建；每文件百分比未测出时不伪造","70d56b550e796e3ea92922763ae03037a1a94596fda9d737982c75f6a20e88dd","39","交付快照"
"AGENTS.md","应用入口/路由/类型/根配置","自有","常规","已纳入并检查（方法及运行限制见本行）","完整自有源码或配置审阅；AST/边界/安全/构建或对应检查；新增并行项目模块经独立补读","root/independent_review","","未另确认缺陷；不等于证明无缺陷","静态检查、相关运行时回归或构建；每文件百分比未测出时不伪造","989248a82afcea101bda9ebf2999df3db2f5ffca869689c7540f2eaab2280bc8","3434","交付快照"
"DESIGN_TOKENS.md","应用入口/路由/类型/根配置","自有","中","已纳入并检查（方法及运行限制见本行）","完整自有源码或配置审阅；AST/边界/安全/构建或对应检查；新增并行项目模块经独立补读","root/independent_review","R03;R07","修复；证据见审计及测试报告;修复；证据见审计及测试报告","静态检查、相关运行时回归或构建；每文件百分比未测出时不伪造","392640f7dc9ef35555d455c258a2ab4cb927dc3e19e0b483d88807df395e1b82","17124","交付快照"
"README.md","应用入口/路由/类型/根配置","自有","中","已纳入并检查（方法及运行限制见本行）","完整自有源码或配置审阅；AST/边界/安全/构建或对应检查；新增并行项目模块经独立补读","root/independent_review","R07","修复；证据见审计及测试报告","静态检查、相关运行时回归或构建；每文件百分比未测出时不伪造","df6ed41ddd9e81630f4e755d755da64d170bd481daa185dd49ffad17f3ec6878","26670","生产部署后端状态更新；其余源码沿用已验证快照"
"desktop-app/cachePaths.cjs","Windows桌面/更新","自有","较高（数据/权限/时间/金额/运行边界）","已纳入并检查（方法及运行限制见本行）","Cache/session path derivation remains under app-owned user data; no user content deletion.","backend_audit","","未另确认缺陷；不等于证明无缺陷","实测覆盖：行100%/分支87.5%；全文审阅不等于所有分支已运行","548b7e142798d803f4f862e138cfa6a95967a081f06bb1020e5b84ffa351d7fc","573","交付快照"
"desktop-app/main.cjs","Windows桌面/更新","自有","较高（数据/权限/时间/金额/运行边界）","已纳入并检查（方法及运行限制见本行）","Sandbox/context isolation/node integration, custom protocol path and symlink guards, HTTPS external navigation, IPC sender origin and path restrictions, installer marker validation, single instance, permission requests, update startup and shutdown.","backend_audit","","未另确认缺陷；不等于证明无缺陷","静态检查、相关运行时回归或构建；每文件百分比未测出时不伪造","a6c73f858dcaca1b1c50ba9420d3462efaa344701af011a6fae64ff8faca3852","12428","交付快照"
"desktop-app/package-lock.json","Windows桌面/更新","自有","较高（数据/权限/时间/金额/运行边界）","已纳入并检查（方法及运行限制见本行）","完整依赖树/锁文件匹配/npm ci/audit/npm ls；机器锁文件不逐行人工解释","backend_audit","","未另确认缺陷；不等于证明无缺陷","静态检查、相关运行时回归或构建；每文件百分比未测出时不伪造","6104665ed119430611d6c517898e8fcec776131f09f0b1d804bfab385f09fb1d","6591","原领域审阅后源码有更新；独立补读/最终差异及全库验证见TEST_REPORT"
"desktop-app/package.json","Windows桌面/更新","自有","较高（数据/权限/时间/金额/运行边界）","已纳入并检查（方法及运行限制见本行）","Main entry, production updater dependency, app version; pre-existing 1.0.12 to 1.0.13 user change preserved.","backend_audit","","未另确认缺陷；不等于证明无缺陷","静态检查、相关运行时回归或构建；每文件百分比未测出时不伪造","155c7eafaf8bd68f0807dd7e346487ad2971cf89ca305f42d216a3a7255f0c3f","157","原领域审阅后源码有更新；独立补读/最终差异及全库验证见TEST_REPORT"
"desktop-app/preload.cjs","Windows桌面/更新","自有","较高（数据/权限/时间/金额/运行边界）","已纳入并检查（方法及运行限制见本行）","Only bounded update methods and listener cleanup exposed via contextBridge; no general file/process/IPC access.","backend_audit","","未另确认缺陷；不等于证明无缺陷","静态检查、相关运行时回归或构建；每文件百分比未测出时不伪造","052f9dcf6d4d7893ab768570e71050966dd99958806a246d3a66b2cef3bd5ead","792","交付快照"
"desktop-app/updaterController.cjs","Windows桌面/更新","自有","较高（数据/权限/时间/金额/运行边界）","已纳入并检查（方法及运行限制见本行）","All updater events, check/download/install state transitions, updater options, event disposal, concurrent checks before and after availability events.","backend_audit/independent_review","B08","fixed","实测覆盖：行87.87%/分支88.37%；全文审阅不等于所有分支已运行","7b7b6458c9c66778a6c07c04ce957512c6f78507f917e9918ca2418a08ff6be0","4825","交付快照"
"desktop/certificates/README.md","Windows桌面/更新","自有","较高（数据/权限/时间/金额/运行边界）","已纳入并检查（方法及运行限制见本行）","Self-signed certificate trust/signing instructions, fingerprint and private-key exclusion; no private certificate loaded.","backend_audit","","未另确认缺陷；不等于证明无缺陷","静态检查、相关运行时回归或构建；每文件百分比未测出时不伪造","9aa0fcbc2e1a0b592b2936b237784c53e213114e6e331718ff8640557a087a78","1315","交付快照"
"desktop/certificates/study-life-code-signing.cer","Windows桌面/更新","二进制","较高（数据/权限/时间/金额/运行边界）","已纳入并检查（方法及运行限制见本行）","资源引用/字节SHA256/尺寸或公钥元数据；不做源码逐行审阅","backend_audit","","未另确认缺陷；不等于证明无缺陷","产物引用/依赖及资源检查；未逐行分析供应商和二进制","aaf8b9287e05e1b3ff0114df5bef80350248a651d91669d3011b910cbe3a5091","1040","交付快照"
"desktop/installer.nsh","Windows桌面/更新","自有","较高（数据/权限/时间/金额/运行边界）","已纳入并检查（方法及运行限制见本行）","App-owned install marker, existing data preservation and installer hook paths; no installation/uninstallation performed.","backend_audit","","未另确认缺陷；不等于证明无缺陷","静态检查、相关运行时回归或构建；每文件百分比未测出时不伪造","770cc33bd1f202215449f234282cca8e08badc91f8d96341ec0d0803c4e1e507","1051","交付快照"
"desktop/pwa-register-shim.js","Windows桌面/更新","自有","较高（数据/权限/时间/金额/运行边界）","已纳入并检查（方法及运行限制见本行）","Desktop build does not register a browser service worker.","backend_audit","","未另确认缺陷；不等于证明无缺陷","静态检查、相关运行时回归或构建；每文件百分比未测出时不伪造","c0d75d3991c7fc6f96a40b471654b99b92ecdd413ee72c7635458526bd67a4a9","50","交付快照"
"desktop/sanliangshi.ico","Windows桌面/更新","二进制","较高（数据/权限/时间/金额/运行边界）","已纳入并检查（方法及运行限制见本行）","资源引用/字节SHA256/尺寸或公钥元数据；不做源码逐行审阅","backend_audit","","未另确认缺陷；不等于证明无缺陷","产物引用/依赖及资源检查；未逐行分析供应商和二进制","b5f869121eb93130b6b1dfaaed78527e3eab8d8efcea256f7fa8b864d6080883","101191","交付快照"
"desktop/sanliangshi.svg","Windows桌面/更新","自有","较高（数据/权限/时间/金额/运行边界）","已纳入并检查（方法及运行限制见本行）","Local vector icon, no scripts or external resources.","backend_audit","","未另确认缺陷；不等于证明无缺陷","静态检查、相关运行时回归或构建；每文件百分比未测出时不伪造","69160441ea2b4f8f9b090e642433d38e2d316b99067605b48873c9f137a264a8","5348","交付快照"
"docs/INTERACTION_UX_AUDIT.md","文档/历史审计","自有","常规","已纳入并检查（方法及运行限制见本行）","全文结构/目录归属/引用和现状核对；历史报告保留日期边界，未逐字重新认证旧结论","root/independent_review","","未另确认缺陷；不等于证明无缺陷","脱敏/链接/结构核对；工程最终结果见TEST_REPORT","9aaabaa6df90318c32dcdf548b8c5ce33e7dd771e7e3b0831225f8e9e7965cc9","253059","交付快照"
"docs/OPTIMIZATION_REPORT.md","文档/历史审计","自有","常规","已纳入并检查（方法及运行限制见本行）","全文结构/目录归属/引用和现状核对；历史报告保留日期边界，未逐字重新认证旧结论","root/independent_review","","未另确认缺陷；不等于证明无缺陷","脱敏/链接/结构核对；工程最终结果见TEST_REPORT","5fa6c8f74357f00abf24f303d984d819a67a6bf5f43489cc90c3684a0011029e","13561","交付快照"
"docs/PROJECT_AUDIT.md","文档/历史审计","自有","常规","已纳入并检查（方法及运行限制见本行）","全文结构/目录归属/引用和现状核对；历史报告保留日期边界，未逐字重新认证旧结论","root/independent_review","","未另确认缺陷；不等于证明无缺陷","脱敏/链接/结构核对；工程最终结果见TEST_REPORT","213f9a1152fd21a49572d0ab345fb5f7ca4f604cd70a12c3e0b017381737c1c9","80433","交付快照"
"docs/PROJECT_FILE_COVERAGE.csv","文档/历史审计","自有","常规","已纳入并检查（方法及运行限制见本行）","全量枚举逐行对应；矩阵自引用不计算自身哈希","root/independent_review","","未另确认缺陷；不等于证明无缺陷","脱敏/链接/结构核对；工程最终结果见TEST_REPORT","N/A：矩阵自引用","N/A","交付快照"
"docs/REFACTOR_ROADMAP.md","文档/历史审计","自有","常规","已纳入并检查（方法及运行限制见本行）","全文结构/目录归属/引用和现状核对；历史报告保留日期边界，未逐字重新认证旧结论","root/independent_review","","未另确认缺陷；不等于证明无缺陷","脱敏/链接/结构核对；工程最终结果见TEST_REPORT","0585a4d4a2ec575b42db12f48e298b2db310c30ccd5a84312d8f81499f04e7c9","4756","交付快照"
"docs/TEST_REPORT.md","文档/历史审计","自有","常规","已纳入并检查（方法及运行限制见本行）","全文结构/目录归属/引用和现状核对；历史报告保留日期边界，未逐字重新认证旧结论","root/independent_review","","未另确认缺陷；不等于证明无缺陷","脱敏/链接/结构核对；工程最终结果见TEST_REPORT","7f567024cbe69582bdbb0a71ecf62d30cd1afaf87085cde97173ff0193aa4637","38283","交付快照"
"docs/archive/README.md","文档/历史审计","自有","中","已纳入并检查（方法及运行限制见本行）","全文结构/目录归属/引用和现状核对；历史报告保留日期边界，未逐字重新认证旧结论","root/independent_review","R07","修复；证据见审计及测试报告","脱敏/链接/结构核对；工程最终结果见TEST_REPORT","74118d138cc6d90a88bc7dfd00fa37aca3c3b398ce25d2c84e98f644a9f56d25","2644","交付快照"
"docs/audit/account-optimization-2026-10-09.md","文档/历史审计","自有","较高（数据/权限/时间/金额/运行边界）","已纳入并检查（方法及运行限制见本行）","全文结构/目录归属/引用和现状核对；历史报告保留日期边界，未逐字重新认证旧结论","root/independent_review","","未另确认缺陷；不等于证明无缺陷","脱敏/链接/结构核对；工程最终结果见TEST_REPORT","f2dc7d9b7971c63659672a606a77206756d6769e24ad79423238028c574c44cc","3309","交付快照"
"docs/audit/events-optimization-2026-10-09.md","文档/历史审计","自有","常规","已纳入并检查（方法及运行限制见本行）","全文结构/目录归属/引用和现状核对；历史报告保留日期边界，未逐字重新认证旧结论","root/independent_review","","未另确认缺陷；不等于证明无缺陷","脱敏/链接/结构核对；工程最终结果见TEST_REPORT","b474825b6a03d4b7b999288a279519e4e2e1e00e1488603e07dc3ad0b4aff728","5148","交付快照"
"docs/audit/file-review.md","文档/历史审计","自有","常规","已纳入并检查（方法及运行限制见本行）","全文结构/目录归属/引用和现状核对；历史报告保留日期边界，未逐字重新认证旧结论","root/independent_review","","未另确认缺陷；不等于证明无缺陷","脱敏/链接/结构核对；工程最终结果见TEST_REPORT","5f916de7242f9e173a177aefa13cfeebe9b0d5b829f4608f13f76e36db1264fe","10624","交付快照"
"docs/audit/planning-optimization-2026-10-09.md","文档/历史审计","自有","常规","已纳入并检查（方法及运行限制见本行）","全文结构/目录归属/引用和现状核对；历史报告保留日期边界，未逐字重新认证旧结论","root/independent_review","","未另确认缺陷；不等于证明无缺陷","脱敏/链接/结构核对；工程最终结果见TEST_REPORT","76bc9a525d21a29ea5987156a7d3fbcb9bd8d9d410ba7ab1278b5442cd0a4b7f","3414","交付快照"
"docs/audit/product-restructure-review-2026-10-09.md","文档/历史审计","自有","常规","已纳入并检查（方法及运行限制见本行）","全文结构/目录归属/引用和现状核对；历史报告保留日期边界，未逐字重新认证旧结论","root/independent_review","","未另确认缺陷；不等于证明无缺陷","脱敏/链接/结构核对；工程最终结果见TEST_REPORT","80b90f6e6b3c1c1f929126819f0950f2567a4a088d1cfba3dd60a855aee1acac","8357","交付快照"
"docs/audit/schedule-adjustments-review-2026-10-09.md","文档/历史审计","自有","较高（数据/权限/时间/金额/运行边界）","已纳入并检查（方法及运行限制见本行）","全文结构/目录归属/引用和现状核对；历史报告保留日期边界，未逐字重新认证旧结论","root/independent_review","","未另确认缺陷；不等于证明无缺陷","脱敏/链接/结构核对；工程最终结果见TEST_REPORT","4519ca2fa055f60eabd87ef8dbb3b7e4b5a30db523126566abead47c5445bfdd","4767","交付快照"
"docs/audit/ui-audit-core-pages.md","文档/历史审计","自有","常规","已纳入并检查（方法及运行限制见本行）","全文结构/目录归属/引用和现状核对；历史报告保留日期边界，未逐字重新认证旧结论","root/independent_review","","未另确认缺陷；不等于证明无缺陷","脱敏/链接/结构核对；工程最终结果见TEST_REPORT","73033260b90081a6ac38711ebc47b510c11a20c8bf49ff76d38446a90e2ca5b6","33436","交付快照"
"docs/audit/ui-audit-data-sync.md","文档/历史审计","自有","较高（数据/权限/时间/金额/运行边界）","已纳入并检查（方法及运行限制见本行）","全文结构/目录归属/引用和现状核对；历史报告保留日期边界，未逐字重新认证旧结论","root/independent_review","","未另确认缺陷；不等于证明无缺陷","脱敏/链接/结构核对；工程最终结果见TEST_REPORT","9e57bf5217328afcbbe797308fdfb85dea8e968d5d3d53f3191a4b33050d774f","27789","交付快照"
"docs/audit/ui-audit-ledger.md","文档/历史审计","自有","较高（数据/权限/时间/金额/运行边界）","已纳入并检查（方法及运行限制见本行）","全文结构/目录归属/引用和现状核对；历史报告保留日期边界，未逐字重新认证旧结论","root/independent_review","","未另确认缺陷；不等于证明无缺陷","脱敏/链接/结构核对；工程最终结果见TEST_REPORT","3f57c74f57312ff1c00b1e3ffef2ce3c4416ea994090aa334700280bab4b7e02","40675","交付快照"
"docs/audit/ui-audit-schedule.md","文档/历史审计","自有","较高（数据/权限/时间/金额/运行边界）","已纳入并检查（方法及运行限制见本行）","全文结构/目录归属/引用和现状核对；历史报告保留日期边界，未逐字重新认证旧结论","root/independent_review","","未另确认缺陷；不等于证明无缺陷","脱敏/链接/结构核对；工程最终结果见TEST_REPORT","5868717868d7f6291485962d1a6e4a558549166e6663d554bd59f2cf887565db","45048","交付快照"
"docs/audit/ui-audit-settings.md","文档/历史审计","自有","常规","已纳入并检查（方法及运行限制见本行）","全文结构/目录归属/引用和现状核对；历史报告保留日期边界，未逐字重新认证旧结论","root/independent_review","","未另确认缺陷；不等于证明无缺陷","脱敏/链接/结构核对；工程最终结果见TEST_REPORT","c681b2f3d960042ba9962ba59bec9acd1b0d4a806a85a75c5a7f7227f3731284","42081","交付快照"
"docs/audit/ui-audit-shell.md","文档/历史审计","自有","常规","已纳入并检查（方法及运行限制见本行）","全文结构/目录归属/引用和现状核对；历史报告保留日期边界，未逐字重新认证旧结论","root/independent_review","","未另确认缺陷；不等于证明无缺陷","脱敏/链接/结构核对；工程最终结果见TEST_REPORT","b9d9beebc4de78d60377525a00dc6c92dc9122ab3cc3171c83c347b6c1d788b1","31814","交付快照"
"docs/audit/ui-audit-summary.md","文档/历史审计","自有","常规","已纳入并检查（方法及运行限制见本行）","全文结构/目录归属/引用和现状核对；历史报告保留日期边界，未逐字重新认证旧结论","root/independent_review","","未另确认缺陷；不等于证明无缺陷","脱敏/链接/结构核对；工程最终结果见TEST_REPORT","d72c6da1f6e5703cc149c2f203d5f1432df929e19bdf00e661acd779a4d4c1f2","31361","交付快照"
"docs/audit/ui-audit-verification.md","文档/历史审计","自有","常规","已纳入并检查（方法及运行限制见本行）","全文结构/目录归属/引用和现状核对；历史报告保留日期边界，未逐字重新认证旧结论","root/independent_review","","未另确认缺陷；不等于证明无缺陷","脱敏/链接/结构核对；工程最终结果见TEST_REPORT","47490271a656db10cb7521b90fcf48a7559d9df59f9da8908f8bd9ea6e65f751","41707","交付快照"
"docs/design/qixing-optimization-2026-10-10.md","文档/历史审计","自有","常规","已纳入并检查（方法及运行限制见本行）","全文结构/目录归属/引用和现状核对；历史报告保留日期边界，未逐字重新认证旧结论","root/independent_review","","未另确认缺陷；不等于证明无缺陷","脱敏/链接/结构核对；工程最终结果见TEST_REPORT","a61ec57730c74af0be2f8ae69126fb55049e24b3798e19ece8d1180adec6f393","3169","交付快照"
"docs/design/task-time-stages.md","文档/历史审计","自有","常规","已纳入并检查（方法及运行限制见本行）","全文结构/目录归属/引用和现状核对；历史报告保留日期边界，未逐字重新认证旧结论","root/independent_review","","未另确认缺陷；不等于证明无缺陷","脱敏/链接/结构核对；工程最终结果见TEST_REPORT","583dfb2e0b0937dc2cdce108dc4cfe3eee697663ca6c1809283da924439321a5","23995","交付快照"
"docs/friend-collaboration.md","文档/历史审计","自有","常规","已纳入并检查（方法及运行限制见本行）","全文结构/目录归属/引用和现状核对；历史报告保留日期边界，未逐字重新认证旧结论","root/independent_review","","未另确认缺陷；不等于证明无缺陷","脱敏/链接/结构核对；工程最终结果见TEST_REPORT","4a8baf70cd87422b5c3e6ad8994cbcd872b51c2b996d584f90c21dccf14f7eab","9916","交付快照"
"docs/project-collaboration.md","文档/历史审计","自有","较高（数据/权限/时间/金额/运行边界）","已纳入并检查（方法及运行限制见本行）","全文结构/目录归属/引用和现状核对；历史报告保留日期边界，未逐字重新认证旧结论","root/independent_review","","未另确认缺陷；不等于证明无缺陷","脱敏/链接/结构核对；工程最终结果见TEST_REPORT","bdb69f108c767a903e365affd86ab3849f8dc4eafdcd1c801377e525270f5e49","3342","交付快照"
"docs/research/desktop-distribution.md","文档/历史审计","自有","较高（数据/权限/时间/金额/运行边界）","已纳入并检查（方法及运行限制见本行）","全文结构/目录归属/引用和现状核对；历史报告保留日期边界，未逐字重新认证旧结论","root/independent_review","","未另确认缺陷；不等于证明无缺陷","脱敏/链接/结构核对；工程最终结果见TEST_REPORT","8eb0a0cce8b7485fdef3ca6ed4b76d2f78fc1407475f846497b3dbbbf31a6367","7454","交付快照"
"docs/research/desktop-product-plan.md","文档/历史审计","自有","较高（数据/权限/时间/金额/运行边界）","已纳入并检查（方法及运行限制见本行）","全文结构/目录归属/引用和现状核对；历史报告保留日期边界，未逐字重新认证旧结论","root/independent_review","","未另确认缺陷；不等于证明无缺陷","脱敏/链接/结构核对；工程最终结果见TEST_REPORT","b3803db831740ae7606a3e111897c7cfe7aa52b39e5b10bb7f0c9680b86b2bb1","16274","交付快照"
"docs/research/research-shortcut-platform-notes.md","文档/历史审计","自有","常规","已纳入并检查（方法及运行限制见本行）","全文结构/目录归属/引用和现状核对；历史报告保留日期边界，未逐字重新认证旧结论","root/independent_review","","未另确认缺陷；不等于证明无缺陷","脱敏/链接/结构核对；工程最终结果见TEST_REPORT","8d5adccafe1e1729f4811101142ad85078b85c269789819c73ff1d8aff6e7874","18442","交付快照"
"docs/supabase-auth.md","文档/历史审计","自有","较高（数据/权限/时间/金额/运行边界）","已纳入并检查（方法及运行限制见本行）","全文结构/目录归属/引用和现状核对；历史报告保留日期边界，未逐字重新认证旧结论","root/independent_review","","未另确认缺陷；不等于证明无缺陷","脱敏/链接/结构核对；工程最终结果见TEST_REPORT","c3eeb2260a160482fc5ae417a24c7075622c8a6b78fbb546b3ef489a3ef0be93","7247","交付快照"
"electron-builder.release.yml","应用入口/路由/类型/根配置","自有","常规","已纳入并检查（方法及运行限制见本行）","Release inheritance enables mandatory signing, no silent unsigned release fallback.","backend_audit","","未另确认缺陷；不等于证明无缺陷","静态检查、相关运行时回归或构建；每文件百分比未测出时不伪造","3ded3046d3c33af141984f60080472696c33ed52c1b03c6a63261a9b37c01e54","96","交付快照"
"electron-builder.yml","应用入口/路由/类型/根配置","自有","常规","已纳入并检查（方法及运行限制见本行）","Included resources, asar/build outputs, install/update paths, GitHub updater provider and signed publisher configuration.","backend_audit","","未另确认缺陷；不等于证明无缺陷","静态检查、相关运行时回归或构建；每文件百分比未测出时不伪造","e17fac02b7190d85096ac2d38245eafe26b160dda5b697b5b72bad5b72321a42","971","交付快照"
"eslint.config.js","应用入口/路由/类型/根配置","自有","常规","已纳入并检查（方法及运行限制见本行）","完整自有源码或配置审阅；AST/边界/安全/构建或对应检查；新增并行项目模块经独立补读","root/independent_review","","未另确认缺陷；不等于证明无缺陷","静态检查、相关运行时回归或构建；每文件百分比未测出时不伪造","db37a2cb9d7abe1ff6abce437343ebb22beabbe59ae1c2f325ac9bd81c4051f6","2874","交付快照"
"functions/api/_middleware.js","应用入口/路由/类型/根配置","自有","常规","已纳入并检查（方法及运行限制见本行）","Legacy /api/auth/verify and /api/sync/** return 410/no-store; other routes delegate next(). No active D1 or retired sync mutations remain here.","backend_audit","","未另确认缺陷；不等于证明无缺陷","静态检查、相关运行时回归或构建；每文件百分比未测出时不伪造","feb4b2ff3a0ee08a282c22a38ba8ccf1ba36e2ec691fa70277d35963c153f903","461","交付快照"
"index.html","应用入口/路由/类型/根配置","自有","中","已纳入并检查（方法及运行限制见本行）","complete-source-read-and-relevant-regressions-inspected","root/independent_review","R04","修复；证据见审计及测试报告","静态检查、相关运行时回归或构建；每文件百分比未测出时不伪造","ee732d86d76a835bf60a3a1afb44c2fcc7af90e5def6ac271f601b72b434553b","4802","交付快照"
"package-lock.json","应用入口/路由/类型/根配置","自有","高","已纳入并检查（方法及运行限制见本行）","完整依赖树/锁文件匹配/npm ci/audit/npm ls；机器锁文件不逐行人工解释","root/independent_review","R05","修复；证据见审计及测试报告","静态检查、相关运行时回归或构建；每文件百分比未测出时不伪造","74559ef51b41130d199f1bae5c963beaa93b8b2e67d46492aa1f2372d894353d","455478","交付快照"
"package.json","应用入口/路由/类型/根配置","自有","高","已纳入并检查（方法及运行限制见本行）","complete-source-read-and-relevant-regressions-inspected","root/independent_review","R05","修复；证据见审计及测试报告","静态检查、相关运行时回归或构建；每文件百分比未测出时不伪造","c1639e3d4909960069c52f903c360848e7fad853faab41152c4ebc4d6c604e18","2957","交付快照"
"public/_headers","静态资源/安全头/PWA/OCR","自有","中","已纳入并检查（方法及运行限制见本行）","完整源码逻辑/边界/错误与生命周期审查；静态及定向回归","frontend_audit/independent_review","FE-014","修复及定向验证；最终见报告","静态检查、相关运行时回归或构建；每文件百分比未测出时不伪造","9f0adf736c280a7f1d6cf77dc9469946c91ef6416aa4a78e0c9271f32e3a76a6","1113","交付快照"
"public/apple-touch-icon-v2.png","静态资源/安全头/PWA/OCR","二进制","常规","已纳入并检查（方法及运行限制见本行）","资源引用/字节SHA256/尺寸或公钥元数据；不做源码逐行审阅","root/independent_review","","未另确认缺陷；不等于证明无缺陷","产物引用/依赖及资源检查；未逐行分析供应商和二进制","8edaed989846209c3895e573dd6895ee7d0b791d40afe1bd10a4102511a99e0c","36429","交付快照"
"public/desktop-auth-return/index.html","静态资源/安全头/PWA/OCR","自有","较高（数据/权限/时间/金额/运行边界）","已纳入并检查（方法及运行限制见本行）","完整源码逻辑/边界/错误与生命周期审查；静态及定向回归","frontend_audit/independent_review","FE-014","修复及定向验证；最终见报告","静态检查、相关运行时回归或构建；每文件百分比未测出时不伪造","113cd8801a0aa4920b9ed2b8140ceb106ae41b6846b83eb98404d869d33136a5","2195","交付快照"
"public/favicon-v2.png","静态资源/安全头/PWA/OCR","二进制","常规","已纳入并检查（方法及运行限制见本行）","资源引用/字节SHA256/尺寸或公钥元数据；不做源码逐行审阅","root/independent_review","","未另确认缺陷；不等于证明无缺陷","产物引用/依赖及资源检查；未逐行分析供应商和二进制","e09250e1499c5d38e1dcc6e4812f87f29fcd477553187362f39285899629f306","5520","交付快照"
"public/ocr/chi_sim.traineddata","静态资源/安全头/PWA/OCR","第三方","常规","已纳入并检查（方法及运行限制见本行）","分发版本/资源路径/离线加载/依赖风险；压缩库和WASM不逐行审阅","root/independent_review","","未另确认缺陷；不等于证明无缺陷","产物引用/依赖及资源检查；未逐行分析供应商和二进制","9784f7c917c546424b690fcde708ce1f604a4393d08bb51ddab146d7d7c794e6","2471033","交付快照"
"public/ocr/tesseract-core-simd-lstm.wasm.js","静态资源/安全头/PWA/OCR","第三方","常规","已纳入并检查（方法及运行限制见本行）","分发版本/资源路径/离线加载/依赖风险；压缩库和WASM不逐行审阅","root/independent_review","","未另确认缺陷；不等于证明无缺陷","产物引用/依赖及资源检查；未逐行分析供应商和二进制","c58b46a4c796c0b8afccf77591d5b875b6896b45d402bbce8caa6f5362447b38","3899472","交付快照"
"public/ocr/tesseract-worker.min.js","静态资源/安全头/PWA/OCR","第三方","常规","已纳入并检查（方法及运行限制见本行）","分发版本/资源路径/离线加载/依赖风险；压缩库和WASM不逐行审阅","root/independent_review","","未另确认缺陷；不等于证明无缺陷","产物引用/依赖及资源检查；未逐行分析供应商和二进制","576b7df7e3393e137e51849357c9adb53fe7ac1bb69bfa06cf3d61520f182c6d","111307","交付快照"
"public/pwa-v2-192x192.png","静态资源/安全头/PWA/OCR","二进制","常规","已纳入并检查（方法及运行限制见本行）","资源引用/字节SHA256/尺寸或公钥元数据；不做源码逐行审阅","root/independent_review","","未另确认缺陷；不等于证明无缺陷","产物引用/依赖及资源检查；未逐行分析供应商和二进制","6b71aa3653ecac805e89c49d92b66fed12ad94e7c3b8557eaab1c1bd7f440a47","39935","交付快照"
"public/pwa-v2-512x512.png","静态资源/安全头/PWA/OCR","二进制","常规","已纳入并检查（方法及运行限制见本行）","资源引用/字节SHA256/尺寸或公钥元数据；不做源码逐行审阅","root/independent_review","","未另确认缺陷；不等于证明无缺陷","产物引用/依赖及资源检查；未逐行分析供应商和二进制","349010c100e7718f1283ad1bcdef46da5cda04e4ba80d2bd39e90b9cfa43441c","134144","交付快照"
"release.config.js","应用入口/路由/类型/根配置","自有","常规","已纳入并检查（方法及运行限制见本行）","完整自有源码或配置审阅；AST/边界/安全/构建或对应检查；新增并行项目模块经独立补读","root/independent_review","","未另确认缺陷；不等于证明无缺陷","实测覆盖：行100%/分支100%；全文审阅不等于所有分支已运行","4a8bc43cc7aed8ed80b284d6910c4b09f6ae6adbd4f6dd9b7d05d08420e16417","2488","交付快照"
"scripts/audit-contrast.mjs","工程检查/发布/审计工具","自有","中","已纳入并检查（方法及运行限制见本行）","complete-source-read-and-relevant-regressions-inspected","root/independent_review","R03","修复；证据见审计及测试报告","实测覆盖：行83.92%/分支77.81%；全文审阅不等于所有分支已运行","17bbe4b8fcd1a9b0b1b790ae6066f70f18700021027d7e850284245e2651537f","43658","交付快照"
"scripts/audit/boot-verdict.mjs","工程检查/发布/审计工具","自有","高","已纳入并检查（方法及运行限制见本行）","complete-source-read-and-relevant-regressions-inspected","root/independent_review","R02","修复；证据见审计及测试报告","实测覆盖：行100%/分支100%；全文审阅不等于所有分支已运行","9560ca775ec0e500814b538eb560ee625afbd1122a46438bd0dbb1042e929ae6","800","交付快照"
"scripts/audit/first-visit.mjs","工程检查/发布/审计工具","自有","高","已纳入并检查（方法及运行限制见本行）","complete-source-read-and-relevant-regressions-inspected","root/independent_review","R02","修复；证据见审计及测试报告","静态检查、相关运行时回归或构建；每文件百分比未测出时不伪造","a0b89632fd4384b48194f77a240fb68360719f2f49d158f537b3470bcebf0f36","11407","交付快照"
"scripts/audit/interaction-browser.mjs","工程检查/发布/审计工具","自有","常规","已纳入并检查（方法及运行限制见本行）","完整自有源码或配置审阅；AST/边界/安全/构建或对应检查；新增并行项目模块经独立补读","root/independent_review","","未另确认缺陷；不等于证明无缺陷","静态检查、相关运行时回归或构建；每文件百分比未测出时不伪造","29e223c9a8e98dfe08ef13f9442906647be6d47e41e69e7795f238f1085dc74d","22601","交付快照"
"scripts/audit/interactions.mjs","工程检查/发布/审计工具","自有","常规","已纳入并检查（方法及运行限制见本行）","完整自有源码或配置审阅；AST/边界/安全/构建或对应检查；新增并行项目模块经独立补读","root/independent_review","","未另确认缺陷；不等于证明无缺陷","静态检查、相关运行时回归或构建；每文件百分比未测出时不伪造","458ba8d2f8166cf2d13c32bc6dcc7da1bfacb6c5382e271d182e3494aa24be86","7769","交付快照"
"scripts/audit/iphone-boot.mjs","工程检查/发布/审计工具","自有","高","已纳入并检查（方法及运行限制见本行）","complete-source-read-and-relevant-regressions-inspected","root/independent_review","R02","修复；证据见审计及测试报告","静态检查、相关运行时回归或构建；每文件百分比未测出时不伪造","69b7d2fe4fc0543645a5c2d5ba1f1eac559653e502a64232fd4c85f5a8d28675","11708","交付快照"
"scripts/audit/release-integrity.mjs","工程检查/发布/审计工具","自有","常规","已纳入并检查（方法及运行限制见本行）","完整自有源码或配置审阅；AST/边界/安全/构建或对应检查；新增并行项目模块经独立补读","root/independent_review","","未另确认缺陷；不等于证明无缺陷","静态检查、相关运行时回归或构建；每文件百分比未测出时不伪造","f45f83c2c10ba14af1b7126092060341dd2e10eba7392299a1f55c854a9d5ff5","14090","交付快照"
"scripts/audit/reload-loop.mjs","工程检查/发布/审计工具","自有","常规","已纳入并检查（方法及运行限制见本行）","完整自有源码或配置审阅；AST/边界/安全/构建或对应检查；新增并行项目模块经独立补读","root/independent_review","","未另确认缺陷；不等于证明无缺陷","静态检查、相关运行时回归或构建；每文件百分比未测出时不伪造","482b23a41ca7d33a206477dac43caef81cdcbedf716c9b722dcf8be7a75b2ea6","14516","交付快照"
"scripts/audit/shared.mjs","工程检查/发布/审计工具","自有","常规","已纳入并检查（方法及运行限制见本行）","完整自有源码或配置审阅；AST/边界/安全/构建或对应检查；新增并行项目模块经独立补读","root/independent_review","","未另确认缺陷；不等于证明无缺陷","静态检查、相关运行时回归或构建；每文件百分比未测出时不伪造","faca00bc047d934196c9e74d75cf112e6dca0bdeaf43f38bca3323a93a3099d5","13382","交付快照"
"scripts/bump-release.mjs","工程检查/发布/审计工具","自有","常规","已纳入并检查（方法及运行限制见本行）","完整自有源码或配置审阅；AST/边界/安全/构建或对应检查；新增并行项目模块经独立补读","root/independent_review","","未另确认缺陷；不等于证明无缺陷","静态检查、相关运行时回归或构建；每文件百分比未测出时不伪造","d9cd9bab16bc38b288553b5dd58e0d8ed8ce07e3d005cf0ba4e746f5042c4fd2","8262","交付快照"
"scripts/check-release-readme.mjs","工程检查/发布/审计工具","自有","常规","已纳入并检查（方法及运行限制见本行）","完整自有源码或配置审阅；AST/边界/安全/构建或对应检查；新增并行项目模块经独立补读","root/independent_review","","未另确认缺陷；不等于证明无缺陷","静态检查、相关运行时回归或构建；每文件百分比未测出时不伪造","d582d163a1b62c2e7338f6a19ced86967a79c1484c7913e5f3bedd665086910c","1235","交付快照"
"scripts/css-rules.mjs","工程检查/发布/审计工具","自有","常规","已纳入并检查（方法及运行限制见本行）","完整自有源码或配置审阅；AST/边界/安全/构建或对应检查；新增并行项目模块经独立补读","root/independent_review","","未另确认缺陷；不等于证明无缺陷","实测覆盖：行100%/分支100%；全文审阅不等于所有分支已运行","0139d4e09007bae3035787b04e1fa8bf91c0a38d1f418aab1bcda33736be0d88","6222","交付快照"
"scripts/deploy-production.mjs","工程检查/发布/审计工具","自有","常规","已纳入并检查（方法及运行限制见本行）","完整自有源码或配置审阅；AST/边界/安全/构建或对应检查；新增并行项目模块经独立补读","root/independent_review","","未另确认缺陷；不等于证明无缺陷","实测覆盖：行20%/分支38.46%；全文审阅不等于所有分支已运行","4379051ffc6c0903482e289739e35754bc5dcc1135be56b09d3e4dda9b44b5d1","2987","交付快照"
"scripts/desktop-signature.mjs","工程检查/发布/审计工具","自有","较高（数据/权限/时间/金额/运行边界）","已纳入并检查（方法及运行限制见本行）","完整自有源码或配置审阅；AST/边界/安全/构建或对应检查；新增并行项目模块经独立补读","root/independent_review","","未另确认缺陷；不等于证明无缺陷","实测覆盖：行100%/分支87.5%；全文审阅不等于所有分支已运行","209aa6982f45297006221de2818ff48d60ef3391c863e80d80c2ea0edad1c611","719","交付快照"
"scripts/desktop-update-source.mjs","工程检查/发布/审计工具","自有","较高（数据/权限/时间/金额/运行边界）","已纳入并检查（方法及运行限制见本行）","完整自有源码或配置审阅；AST/边界/安全/构建或对应检查；新增并行项目模块经独立补读","root/independent_review","","未另确认缺陷；不等于证明无缺陷","实测覆盖：行100%/分支80%；全文审阅不等于所有分支已运行","baa6eb1bcf1926401b48f495d9d5f91704b19d1059fcb5d494a0247c63e7bad7","236","交付快照"
"scripts/release-readme.mjs","工程检查/发布/审计工具","自有","常规","已纳入并检查（方法及运行限制见本行）","完整自有源码或配置审阅；AST/边界/安全/构建或对应检查；新增并行项目模块经独立补读","root/independent_review","","未另确认缺陷；不等于证明无缺陷","实测覆盖：行94.11%/分支73.33%；全文审阅不等于所有分支已运行","be56bf7d951368d3598a78eaba822fad7b2fdc18fc6302c692734bb79daf19eb","1817","交付快照"
"scripts/source-signature.mjs","工程检查/发布/审计工具","自有","常规","已纳入并检查（方法及运行限制见本行）","完整自有源码或配置审阅；AST/边界/安全/构建或对应检查；新增并行项目模块经独立补读","root/independent_review","","未另确认缺陷；不等于证明无缺陷","实测覆盖：行100%/分支80.95%；全文审阅不等于所有分支已运行","9ab28bae720010b5db986f0689e6903c6d7c516a056d007c691214f86df3c360","3997","交付快照"
"scripts/supabase-build-checks.mjs","工程检查/发布/审计工具","自有","较高（数据/权限/时间/金额/运行边界）","已纳入并检查（方法及运行限制见本行）","完整自有源码或配置审阅；AST/边界/安全/构建或对应检查；新增并行项目模块经独立补读","root/independent_review","","未另确认缺陷；不等于证明无缺陷","实测覆盖：行82.85%/分支55.17%；全文审阅不等于所有分支已运行","26a2e4c2fc23ec0632aa8aa13e32c747c11fddce009c0e37c99ab7af4798e33d","3461","交付快照"
"scripts/typecheck-baseline.mjs","工程检查/发布/审计工具","自有","常规","已纳入并检查（方法及运行限制见本行）","完整自有源码或配置审阅；AST/边界/安全/构建或对应检查；新增并行项目模块经独立补读","root/independent_review","","未另确认缺陷；不等于证明无缺陷","静态检查、相关运行时回归或构建；每文件百分比未测出时不伪造","4b3d50260cfb0bb5227244fdf9ece1f89bdd13a4520e2636394826d356993893","774","交付快照"
"scripts/typecheck-ratchet.mjs","工程检查/发布/审计工具","自有","常规","已纳入并检查（方法及运行限制见本行）","完整自有源码或配置审阅；AST/边界/安全/构建或对应检查；新增并行项目模块经独立补读","root/independent_review","","未另确认缺陷；不等于证明无缺陷","静态检查、相关运行时回归或构建；每文件百分比未测出时不伪造","35223972412076dd22d0f08a72e931ba8a72e93a3b9208e073b2f556f0e0d113","7158","交付快照"
"scripts/verify-desktop-package.mjs","工程检查/发布/审计工具","自有","较高（数据/权限/时间/金额/运行边界）","已纳入并检查（方法及运行限制见本行）","完整自有源码或配置审阅；AST/边界/安全/构建或对应检查；新增并行项目模块经独立补读","root/independent_review","","未另确认缺陷；不等于证明无缺陷","静态检查、相关运行时回归或构建；每文件百分比未测出时不伪造","c246ede8ca70288fa606a126befe4ce12ae8803ae834596c2a8a95dad3749798","6526","交付快照"
"scripts/verify-pages-config.mjs","工程检查/发布/审计工具","自有","中","已纳入并检查（方法及运行限制见本行）","完整源码逻辑/边界/错误与生命周期审查；静态及定向回归","frontend_audit/independent_review","FE-014","修复及定向验证；最终见报告","静态检查、相关运行时回归或构建；每文件百分比未测出时不伪造","58d083be17ecc5711d1f4c6a622de55f9fe7f79ce33352891b1ac9cc60295caf","2541","交付快照"
"scripts/verify-supabase-bundle.mjs","工程检查/发布/审计工具","自有","较高（数据/权限/时间/金额/运行边界）","已纳入并检查（方法及运行限制见本行）","完整自有源码或配置审阅；AST/边界/安全/构建或对应检查；新增并行项目模块经独立补读","root/independent_review","","未另确认缺陷；不等于证明无缺陷","静态检查、相关运行时回归或构建；每文件百分比未测出时不伪造","97bf516ca1ba5b5e24086468f3358b82d336160b9c4dc0d69581dee7103be168","559","交付快照"
"scripts/verify-supabase-config.mjs","工程检查/发布/审计工具","自有","较高（数据/权限/时间/金额/运行边界）","已纳入并检查（方法及运行限制见本行）","完整自有源码或配置审阅；AST/边界/安全/构建或对应检查；新增并行项目模块经独立补读","root/independent_review","","未另确认缺陷；不等于证明无缺陷","静态检查、相关运行时回归或构建；每文件百分比未测出时不伪造","b13332bd8a66fd1788d94e6d4c05d4cb160e9560191cb27bea92dceef322a33d","271","交付快照"
"scripts/version-utils.mjs","工程检查/发布/审计工具","自有","常规","已纳入并检查（方法及运行限制见本行）","完整自有源码或配置审阅；AST/边界/安全/构建或对应检查；新增并行项目模块经独立补读","root/independent_review","","未另确认缺陷；不等于证明无缺陷","实测覆盖：行100%/分支75.92%；全文审阅不等于所有分支已运行","212f3a02444596c445a714e1c1e5ac97172b5c86ef6d992360f49d27ab5d68cf","7306","交付快照"
"src/App.vue","应用入口/路由/类型/根配置","自有","中","已纳入并检查（方法及运行限制见本行）","complete-source-read-and-relevant-regressions-inspected","root/independent_review","R08","修复；证据见审计及测试报告","实测覆盖：行74.64%/分支62.76%；全文审阅不等于所有分支已运行","bdd65345aa3118f24118986f538ffba8f34b7a419fba324241ff879a97b9ce7d","45673","交付快照"
"src/components/AccountPanel.vue","组件：共享","自有","常规","已纳入并检查（方法及运行限制见本行）","manual-complete-script-business-and-lifecycle-review；complete-AST-and-binding-compilation-with-control-and-flag-review；all-styles-PostCSS-parsed; all-layout-overflow-sizing-position-focus-touch-motion-critical-declarations-manually-reviewed; contrast-and-semantics-regressions","frontend_audit","","未另确认缺陷；不等于证明无缺陷","实测覆盖：行73.86%/分支84.5%；全文审阅不等于所有分支已运行","70ce7010491aa359f18c1a7e18d9a3b4b89ae86132c684a722df0ca608e2f392","25204","交付快照"
"src/components/ActionButton.vue","组件：共享","自有","常规","已纳入并检查（方法及运行限制见本行）","manual-complete-script-business-and-lifecycle-review；complete-AST-and-binding-compilation-with-control-and-flag-review；all-styles-PostCSS-parsed; all-layout-overflow-sizing-position-focus-touch-motion-critical-declarations-manually-reviewed; contrast-and-semantics-regressions","frontend_audit","","未另确认缺陷；不等于证明无缺陷","实测覆盖：行90.47%/分支84.74%；全文审阅不等于所有分支已运行","d37e9f2862bd9f1609f883e412fea79b77a885c1af1ff8d68934efefa0189ab9","10248","交付快照"
"src/components/ActionFeedback.vue","组件：共享","自有","常规","已纳入并检查（方法及运行限制见本行）","manual-complete-script-business-and-lifecycle-review；complete-AST-and-binding-compilation-with-control-and-flag-review；all-styles-PostCSS-parsed; all-layout-overflow-sizing-position-focus-touch-motion-critical-declarations-manually-reviewed; contrast-and-semantics-regressions","frontend_audit","","未另确认缺陷；不等于证明无缺陷","实测覆盖：行75%/分支33.33%；全文审阅不等于所有分支已运行","587ea734a3e870c9c84e260107885791d3b155bbb2a4b39ae447647f95548299","1144","交付快照"
"src/components/ActionSheet.vue","组件：共享","自有","中","已纳入并检查（方法及运行限制见本行）","manual-complete-script-business-and-lifecycle-review；complete-AST-and-binding-compilation-with-control-and-flag-review；all-styles-PostCSS-parsed; all-layout-overflow-sizing-position-focus-touch-motion-critical-declarations-manually-reviewed; contrast-and-semantics-regressions","frontend_audit/independent_review","FE-001","修复及定向验证；最终见报告","实测覆盖：行74.07%/分支47.91%；全文审阅不等于所有分支已运行","e4db9a7f545f92574be58cadd289c9fbe91034c458d26069a62be3fbe00e172d","8198","交付快照"
"src/components/AppearanceSettings.vue","组件：共享","自有","常规","已纳入并检查（方法及运行限制见本行）","manual-complete-script-business-and-lifecycle-review；complete-AST-and-binding-compilation-with-control-and-flag-review；all-styles-PostCSS-parsed; all-layout-overflow-sizing-position-focus-touch-motion-critical-declarations-manually-reviewed; contrast-and-semantics-regressions","frontend_audit","","未另确认缺陷；不等于证明无缺陷","实测覆盖：行32.65%/分支27.27%；全文审阅不等于所有分支已运行","5682051d274d653a24c2f501e11bd9968637ed20a56eb14fa02fb5282284813c","45495","交付快照"
"src/components/ConfirmDialog.vue","组件：共享","自有","常规","已纳入并检查（方法及运行限制见本行）","manual-complete-script-business-and-lifecycle-review；complete-AST-and-binding-compilation-with-control-and-flag-review；all-styles-PostCSS-parsed; all-layout-overflow-sizing-position-focus-touch-motion-critical-declarations-manually-reviewed; contrast-and-semantics-regressions","frontend_audit","","未另确认缺陷；不等于证明无缺陷","实测覆盖：行100%/分支90%；全文审阅不等于所有分支已运行","3c887601c3bd97d12c4313519c2b1b98d8e969f99ab93501f39d9a45e4e1968b","3168","交付快照"
"src/components/ContextMenu.vue","组件：共享","自有","中","已纳入并检查（方法及运行限制见本行）","manual-complete-script-business-and-lifecycle-review；complete-AST-and-binding-compilation-with-control-and-flag-review；all-styles-PostCSS-parsed; all-layout-overflow-sizing-position-focus-touch-motion-critical-declarations-manually-reviewed; contrast-and-semantics-regressions","frontend_audit/independent_review","FE-001","修复及定向验证；最终见报告","实测覆盖：行98.36%/分支78%；全文审阅不等于所有分支已运行","3086840d4bc3283320937e0b31d66bba915ecb203a82b2f81fcb542d6b8f98c8","7688","交付快照"
"src/components/DataManager.vue","组件：共享","自有","常规","已纳入并检查（方法及运行限制见本行）","manual-complete-script-business-and-lifecycle-review；complete-AST-and-binding-compilation-with-control-and-flag-review；all-styles-PostCSS-parsed; all-layout-overflow-sizing-position-focus-touch-motion-critical-declarations-manually-reviewed; contrast-and-semantics-regressions","frontend_audit","","未另确认缺陷；不等于证明无缺陷","实测覆盖：行73.91%/分支55.4%；全文审阅不等于所有分支已运行","5ace14009a5dc2629247f41465bbf751393126d7b36596823601dd7505c00d3b","13347","交付快照"
"src/components/DomainCsvImportButton.vue","组件：共享","自有","常规","已纳入并检查（方法及运行限制见本行）","manual-complete-script-business-and-lifecycle-review；complete-AST-and-binding-compilation-with-control-and-flag-review；all-styles-PostCSS-parsed; all-layout-overflow-sizing-position-focus-touch-motion-critical-declarations-manually-reviewed; contrast-and-semantics-regressions","frontend_audit","","未另确认缺陷；不等于证明无缺陷","实测覆盖：行82.81%/分支67.1%；全文审阅不等于所有分支已运行","950844d1a66b6a398fe204b5a9865e4482146b4143d68dc12412f4be0af055e3","6620","交付快照"
"src/components/EmptyState.vue","组件：共享","自有","常规","已纳入并检查（方法及运行限制见本行）","manual-complete-script-business-and-lifecycle-review；complete-AST-and-binding-compilation-with-control-and-flag-review；all-styles-PostCSS-parsed; all-layout-overflow-sizing-position-focus-touch-motion-critical-declarations-manually-reviewed; contrast-and-semantics-regressions","frontend_audit","","未另确认缺陷；不等于证明无缺陷","实测覆盖：行80%/分支75%；全文审阅不等于所有分支已运行","2a7194bd093b4b0328e0f720e04e85ec0d0c4b010b4690b7fb3c43b4d5d7ad9c","3055","交付快照"
"src/components/FestiveSettings.vue","组件：共享","自有","常规","已纳入并检查（方法及运行限制见本行）","manual-complete-script-business-and-lifecycle-review；complete-AST-and-binding-compilation-with-control-and-flag-review；all-styles-PostCSS-parsed; all-layout-overflow-sizing-position-focus-touch-motion-critical-declarations-manually-reviewed; contrast-and-semantics-regressions","frontend_audit","","未另确认缺陷；不等于证明无缺陷","实测覆盖：行75.58%/分支61.45%；全文审阅不等于所有分支已运行","d7b4c1b5d4a4c67931290883eaa02f775ca05f4bce74ac5c6dc31d96e4a1e140","19013","交付快照"
"src/components/FocusPanel.vue","组件：共享","自有","常规","已纳入并检查（方法及运行限制见本行）","manual-complete-script-business-and-lifecycle-review；complete-AST-and-binding-compilation-with-control-and-flag-review；all-styles-PostCSS-parsed; all-layout-overflow-sizing-position-focus-touch-motion-critical-declarations-manually-reviewed; contrast-and-semantics-regressions","frontend_audit","","未另确认缺陷；不等于证明无缺陷","实测覆盖：行58.43%/分支48.59%；全文审阅不等于所有分支已运行","46c0090324a564975f0e11b49a3d7429be977e1cbb7a02d6c104e84626e999ec","27862","交付快照"
"src/components/FocusReturn.vue","组件：共享","自有","常规","已纳入并检查（方法及运行限制见本行）","manual-complete-script-business-and-lifecycle-review；complete-AST-and-binding-compilation-with-control-and-flag-review；all-styles-PostCSS-parsed; all-layout-overflow-sizing-position-focus-touch-motion-critical-declarations-manually-reviewed; contrast-and-semantics-regressions","frontend_audit","","未另确认缺陷；不等于证明无缺陷","实测覆盖：行100%/分支66.66%；全文审阅不等于所有分支已运行","51a3aadc99b2903b3788e3a3c823904d3859441c25b224d0d55fe287d8f307b9","1624","交付快照"
"src/components/FocusSettings.vue","组件：共享","自有","常规","已纳入并检查（方法及运行限制见本行）","manual-complete-script-business-and-lifecycle-review；complete-AST-and-binding-compilation-with-control-and-flag-review；all-styles-PostCSS-parsed; all-layout-overflow-sizing-position-focus-touch-motion-critical-declarations-manually-reviewed; contrast-and-semantics-regressions","frontend_audit","","未另确认缺陷；不等于证明无缺陷","静态检查、相关运行时回归或构建；每文件百分比未测出时不伪造","b8df0684f0b2a73f10873aa7d8ab34b7805cef8625a329e48264ac3d53fc317f","6432","交付快照"
"src/components/HomeProductivityPanel.vue","组件：共享","自有","常规","已纳入并检查（方法及运行限制见本行）","manual-complete-script-business-and-lifecycle-review；complete-AST-and-binding-compilation-with-control-and-flag-review；all-styles-PostCSS-parsed; all-layout-overflow-sizing-position-focus-touch-motion-critical-declarations-manually-reviewed; contrast-and-semantics-regressions","frontend_audit","","未另确认缺陷；不等于证明无缺陷","实测覆盖：行80%/分支100%；全文审阅不等于所有分支已运行","63041e0f33b58a17312a04b0e4a8bd5dc540637c91e18d781c189e601314a47d","2704","交付快照"
"src/components/IcsImportButton.vue","组件：共享","自有","常规","已纳入并检查（方法及运行限制见本行）","manual-complete-script-business-and-lifecycle-review；complete-AST-and-binding-compilation-with-control-and-flag-review；all-styles-PostCSS-parsed; all-layout-overflow-sizing-position-focus-touch-motion-critical-declarations-manually-reviewed; contrast-and-semantics-regressions","frontend_audit","","未另确认缺陷；不等于证明无缺陷","实测覆盖：行4.34%/分支0%；全文审阅不等于所有分支已运行","f74de33a339af0ba0d5e640e7f67eda77539e8f5b7367b1860a9db877ae3b5ae","4952","交付快照"
"src/components/MemoryView.vue","组件：共享","自有","常规","已纳入并检查（方法及运行限制见本行）","manual-complete-script-business-and-lifecycle-review；complete-AST-and-binding-compilation-with-control-and-flag-review；all-styles-PostCSS-parsed; all-layout-overflow-sizing-position-focus-touch-motion-critical-declarations-manually-reviewed; contrast-and-semantics-regressions","frontend_audit","","未另确认缺陷；不等于证明无缺陷","实测覆盖：行31.11%/分支2.81%；全文审阅不等于所有分支已运行","012fc362799a4524cf70f84e3740686352829158378a8ec6ebbaf6d008501125","9374","交付快照"
"src/components/Modal.vue","组件：共享","自有","常规","已纳入并检查（方法及运行限制见本行）","manual-complete-script-business-and-lifecycle-review；complete-AST-and-binding-compilation-with-control-and-flag-review；all-styles-PostCSS-parsed; all-layout-overflow-sizing-position-focus-touch-motion-critical-declarations-manually-reviewed; contrast-and-semantics-regressions","frontend_audit","","未另确认缺陷；不等于证明无缺陷","实测覆盖：行93.71%/分支82.45%；全文审阅不等于所有分支已运行","8f76fc757d02719ae0b3abadb0ffb091e060721a210c5095438ae87c5a1b9b76","19016","交付快照"
"src/components/NavigationSettings.vue","组件：共享","自有","常规","已纳入并检查（方法及运行限制见本行）","manual-complete-script-business-and-lifecycle-review；complete-AST-and-binding-compilation-with-control-and-flag-review；all-styles-PostCSS-parsed; all-layout-overflow-sizing-position-focus-touch-motion-critical-declarations-manually-reviewed; contrast-and-semantics-regressions","frontend_audit","","未另确认缺陷；不等于证明无缺陷","实测覆盖：行84.56%/分支80.78%；全文审阅不等于所有分支已运行","faf06a2868ef3a40d27f46259f447e008669c92252b7f3dcdee14d93be2eac23","28860","交付快照"
"src/components/NotFoundView.vue","组件：共享","自有","常规","已纳入并检查（方法及运行限制见本行）","manual-complete-script-business-and-lifecycle-review；complete-AST-and-binding-compilation-with-control-and-flag-review；all-styles-PostCSS-parsed; all-layout-overflow-sizing-position-focus-touch-motion-critical-declarations-manually-reviewed; contrast-and-semantics-regressions","frontend_audit","","未另确认缺陷；不等于证明无缺陷","实测覆盖：行100%/分支100%；全文审阅不等于所有分支已运行","fb403bcb9f830ed7975690c5d3049621260aa5602634fdbb382674e06d7b1926","1215","交付快照"
"src/components/NoticePaste.vue","组件：共享","自有","常规","已纳入并检查（方法及运行限制见本行）","manual-complete-script-business-and-lifecycle-review；complete-AST-and-binding-compilation-with-control-and-flag-review；all-styles-PostCSS-parsed; all-layout-overflow-sizing-position-focus-touch-motion-critical-declarations-manually-reviewed; contrast-and-semantics-regressions","frontend_audit","","未另确认缺陷；不等于证明无缺陷","实测覆盖：行33.33%/分支100%；全文审阅不等于所有分支已运行","e1dce3339e039397b0b8851dde8cbc119682f84d089fd5b7f2bc9608677ab412","543","交付快照"
"src/components/NoticeUnderstanding.vue","组件：共享","自有","常规","已纳入并检查（方法及运行限制见本行）","manual-complete-script-business-and-lifecycle-review；complete-AST-and-binding-compilation-with-control-and-flag-review；all-styles-PostCSS-parsed; all-layout-overflow-sizing-position-focus-touch-motion-critical-declarations-manually-reviewed; contrast-and-semantics-regressions","frontend_audit","","未另确认缺陷；不等于证明无缺陷","实测覆盖：行25.66%/分支5.25%；全文审阅不等于所有分支已运行","a6214b9ea6d3353d4c6bdbbc163d0fcf891e4bc352b626729ceaefcd18d2b08e","46357","交付快照"
"src/components/PromptDialog.vue","组件：共享","自有","中","已纳入并检查（方法及运行限制见本行）","manual-complete-script-business-and-lifecycle-review；complete-AST-and-binding-compilation-with-control-and-flag-review；all-styles-PostCSS-parsed; all-layout-overflow-sizing-position-focus-touch-motion-critical-declarations-manually-reviewed; contrast-and-semantics-regressions","frontend_audit/independent_review","FE-001","修复及定向验证；最终见报告","实测覆盖：行100%/分支75%；全文审阅不等于所有分支已运行","9b0f6eb4366ff8a643426e52454513bf04bb2e1e0ac77d013c1f702248c4b947","6085","交付快照"
"src/components/QuickCapturePanel.vue","组件：共享","自有","常规","已纳入并检查（方法及运行限制见本行）","manual-complete-script-business-and-lifecycle-review；complete-AST-and-binding-compilation-with-control-and-flag-review；all-styles-PostCSS-parsed; all-layout-overflow-sizing-position-focus-touch-motion-critical-declarations-manually-reviewed; contrast-and-semantics-regressions","frontend_audit","","未另确认缺陷；不等于证明无缺陷","静态检查、相关运行时回归或构建；每文件百分比未测出时不伪造","95855eaa9fd9ccb36b961639205b5ea03ca5e343808829503a4f2caf8c6310f2","459","交付快照"
"src/components/QuickLedgerPanel.vue","组件：共享","自有","常规","已纳入并检查（方法及运行限制见本行）","manual-complete-script-business-and-lifecycle-review；complete-AST-and-binding-compilation-with-control-and-flag-review；all-styles-PostCSS-parsed; all-layout-overflow-sizing-position-focus-touch-motion-critical-declarations-manually-reviewed; contrast-and-semantics-regressions","frontend_audit","","未另确认缺陷；不等于证明无缺陷","静态检查、相关运行时回归或构建；每文件百分比未测出时不伪造","10f2aaf18657ef915ba1a6efc1b8831c796fa67ff9bc96e58dca027e55592b13","503","交付快照"
"src/components/QuickRecordPanel.vue","组件：共享","自有","常规","已纳入并检查（方法及运行限制见本行）","manual-complete-script-business-and-lifecycle-review；complete-AST-and-binding-compilation-with-control-and-flag-review；all-styles-PostCSS-parsed; all-layout-overflow-sizing-position-focus-touch-motion-critical-declarations-manually-reviewed; contrast-and-semantics-regressions","frontend_audit","","未另确认缺陷；不等于证明无缺陷","实测覆盖：行61.9%/分支74.12%；全文审阅不等于所有分支已运行","14e091e81e174fe79763d483dec4988ec64f6afc795dac9dc6683061e56f6698","29387","交付快照"
"src/components/QuickRecordSettings.vue","组件：共享","自有","常规","已纳入并检查（方法及运行限制见本行）","manual-complete-script-business-and-lifecycle-review；complete-AST-and-binding-compilation-with-control-and-flag-review；all-styles-PostCSS-parsed; all-layout-overflow-sizing-position-focus-touch-motion-critical-declarations-manually-reviewed; contrast-and-semantics-regressions","frontend_audit","","未另确认缺陷；不等于证明无缺陷","静态检查、相关运行时回归或构建；每文件百分比未测出时不伪造","540b32ec949f4b8be82dbd5fdd85536604a934d898b6e2efa428ccbf6b2df72d","3703","交付快照"
"src/components/ReleaseNotesBrowser.vue","组件：共享","自有","常规","已纳入并检查（方法及运行限制见本行）","manual-complete-script-business-and-lifecycle-review；complete-AST-and-binding-compilation-with-control-and-flag-review；all-styles-PostCSS-parsed; all-layout-overflow-sizing-position-focus-touch-motion-critical-declarations-manually-reviewed; contrast-and-semantics-regressions","frontend_audit","","未另确认缺陷；不等于证明无缺陷","实测覆盖：行84.61%/分支91.66%；全文审阅不等于所有分支已运行","12e224a2455936c8d893e5f808da2684c454a516b361046e1e48f7962d6137f9","3529","交付快照"
"src/components/RouteFallback.vue","组件：共享","自有","常规","已纳入并检查（方法及运行限制见本行）","manual-complete-script-business-and-lifecycle-review；complete-AST-and-binding-compilation-with-control-and-flag-review；all-styles-PostCSS-parsed; all-layout-overflow-sizing-position-focus-touch-motion-critical-declarations-manually-reviewed; contrast-and-semantics-regressions","frontend_audit","","未另确认缺陷；不等于证明无缺陷","实测覆盖：行83.33%/分支100%；全文审阅不等于所有分支已运行","1d0b1b1ee25a208f7cc6cdf7d866f52425cc71f2654aa834c507d161935ff1e5","1826","交付快照"
"src/components/SearchPanel.vue","组件：共享","自有","常规","已纳入并检查（方法及运行限制见本行）","manual-complete-script-business-and-lifecycle-review；complete-AST-and-binding-compilation-with-control-and-flag-review；all-styles-PostCSS-parsed; all-layout-overflow-sizing-position-focus-touch-motion-critical-declarations-manually-reviewed; contrast-and-semantics-regressions","frontend_audit","","未另确认缺陷；不等于证明无缺陷","实测覆盖：行98.09%/分支77.03%；全文审阅不等于所有分支已运行","fb220a27e1a884af879e46a7a575fd22c4a2d95efd04604d871f15de584db000","18795","交付快照"
"src/components/Sidebar.vue","组件：共享","自有","常规","已纳入并检查（方法及运行限制见本行）","manual-complete-script-business-and-lifecycle-review；complete-AST-and-binding-compilation-with-control-and-flag-review；all-styles-PostCSS-parsed; all-layout-overflow-sizing-position-focus-touch-motion-critical-declarations-manually-reviewed; contrast-and-semantics-regressions","frontend_audit","","未另确认缺陷；不等于证明无缺陷","实测覆盖：行85.65%/分支74.61%；全文审阅不等于所有分支已运行","77e533b615068b60eba4e22e318446a50de0db08ff6331fe3136725c6f437518","43850","交付快照"
"src/components/SkeletonBlock.vue","组件：共享","自有","常规","已纳入并检查（方法及运行限制见本行）","manual-complete-script-business-and-lifecycle-review；complete-AST-and-binding-compilation-with-control-and-flag-review；all-styles-PostCSS-parsed; all-layout-overflow-sizing-position-focus-touch-motion-critical-declarations-manually-reviewed; contrast-and-semantics-regressions","frontend_audit","","未另确认缺陷；不等于证明无缺陷","实测覆盖：行100%/分支75%；全文审阅不等于所有分支已运行","d00ffc3b550ee34657a0153935e30fabf0b68be1f21ab3c48019b7bebe712d7a","2062","交付快照"
"src/components/SocialCalendarEvents.vue","组件：共享","自有","中","已纳入并检查（方法及运行限制见本行）","manual-complete-script-business-and-lifecycle-review；complete-AST-and-binding-compilation-with-control-and-flag-review；all-styles-PostCSS-parsed; all-layout-overflow-sizing-position-focus-touch-motion-critical-declarations-manually-reviewed; contrast-and-semantics-regressions","frontend_audit/independent_review","FE-006","修复及定向验证；最终见报告","实测覆盖：行81.81%/分支46.42%；全文审阅不等于所有分支已运行","c3a9b1f3f73036173ab937831f1b7b7aabc6b6738ec2ba7d411153e0cde81b64","6698","交付快照"
"src/components/SwipeActionItem.vue","组件：共享","自有","中","已纳入并检查（方法及运行限制见本行）","manual-complete-script-business-and-lifecycle-review；complete-AST-and-binding-compilation-with-control-and-flag-review；all-styles-PostCSS-parsed; all-layout-overflow-sizing-position-focus-touch-motion-critical-declarations-manually-reviewed; contrast-and-semantics-regressions","frontend_audit/independent_review","FE-007","修复及定向验证；最终见报告","实测覆盖：行94.78%/分支86.42%；全文审阅不等于所有分支已运行","04ca5bc5b5616103014369fa27331131c3e0a84acfe5f1a3e11d6911bb125331","10369","交付快照"
"src/components/TaskCenter.vue","组件：共享","自有","常规","已纳入并检查（方法及运行限制见本行）","manual-complete-script-business-and-lifecycle-review；complete-AST-and-binding-compilation-with-control-and-flag-review；all-styles-PostCSS-parsed; all-layout-overflow-sizing-position-focus-touch-motion-critical-declarations-manually-reviewed; contrast-and-semantics-regressions","frontend_audit","","未另确认缺陷；不等于证明无缺陷","实测覆盖：行51.11%/分支6.66%；全文审阅不等于所有分支已运行","903eb4beed7a5d7d7ef9d97903e2df3c6d0566b64c36770eddbacd299e1018ab","9335","交付快照"
"src/components/TaskProgress.vue","组件：共享","自有","常规","已纳入并检查（方法及运行限制见本行）","manual-complete-script-business-and-lifecycle-review；complete-AST-and-binding-compilation-with-control-and-flag-review；all-styles-PostCSS-parsed; all-layout-overflow-sizing-position-focus-touch-motion-critical-declarations-manually-reviewed; contrast-and-semantics-regressions","frontend_audit","","未另确认缺陷；不等于证明无缺陷","实测覆盖：行35%/分支3.5%；全文审阅不等于所有分支已运行","d410962936b435273e1d155eecca395af26ca05badcdf60977600531d1dd8f55","8839","交付快照"
"src/components/TimeWheelSheet.vue","组件：共享","自有","常规","已纳入并检查（方法及运行限制见本行）","manual-complete-script-business-and-lifecycle-review；complete-AST-and-binding-compilation-with-control-and-flag-review；all-styles-PostCSS-parsed; all-layout-overflow-sizing-position-focus-touch-motion-critical-declarations-manually-reviewed; contrast-and-semantics-regressions","frontend_audit","","未另确认缺陷；不等于证明无缺陷","实测覆盖：行90%/分支95.65%；全文审阅不等于所有分支已运行","9950ecb9414ca90be116d237dad838a232b8d2da7f86c46f4831a7c14535a911","4238","交付快照"
"src/components/Toast.vue","组件：共享","自有","常规","已纳入并检查（方法及运行限制见本行）","manual-complete-script-business-and-lifecycle-review；complete-AST-and-binding-compilation-with-control-and-flag-review；all-styles-PostCSS-parsed; all-layout-overflow-sizing-position-focus-touch-motion-critical-declarations-manually-reviewed; contrast-and-semantics-regressions","frontend_audit","","未另确认缺陷；不等于证明无缺陷","实测覆盖：行87.87%/分支72%；全文审阅不等于所有分支已运行","a034eb43de3d620d8c6d74ef77e642c401915c5b9076e948fae660b7ae67431c","6676","交付快照"
"src/components/UpdateNotes.vue","组件：共享","自有","常规","已纳入并检查（方法及运行限制见本行）","manual-complete-script-business-and-lifecycle-review；complete-AST-and-binding-compilation-with-control-and-flag-review；all-styles-PostCSS-parsed; all-layout-overflow-sizing-position-focus-touch-motion-critical-declarations-manually-reviewed; contrast-and-semantics-regressions","frontend_audit","","未另确认缺陷；不等于证明无缺陷","实测覆盖：行100%/分支100%；全文审阅不等于所有分支已运行","65308d9ca746acaceef973d367dc10d4c464df457f61920aeb18cbe2c2938898","2304","交付快照"
"src/components/VersionUpdateModal.vue","组件：共享","自有","常规","已纳入并检查（方法及运行限制见本行）","manual-complete-script-business-and-lifecycle-review；complete-AST-and-binding-compilation-with-control-and-flag-review；all-styles-PostCSS-parsed; all-layout-overflow-sizing-position-focus-touch-motion-critical-declarations-manually-reviewed; contrast-and-semantics-regressions","frontend_audit","","未另确认缺陷；不等于证明无缺陷","静态检查、相关运行时回归或构建；每文件百分比未测出时不伪造","3cb57c7b557aa43a64d566e5d69daa24002c08ad22d87052361488cb7a6a382b","529","交付快照"
"src/components/VirtualList.vue","组件：共享","自有","中","已纳入并检查（方法及运行限制见本行）","manual-complete-script-business-and-lifecycle-review；complete-AST-and-binding-compilation-with-control-and-flag-review；all-styles-PostCSS-parsed; all-layout-overflow-sizing-position-focus-touch-motion-critical-declarations-manually-reviewed; contrast-and-semantics-regressions","frontend_audit/independent_review","FE-002","修复及定向验证；最终见报告","实测覆盖：行99.19%/分支76.36%；全文审阅不等于所有分支已运行","8789e544e0b835ae12f076d1c9642fc1819b891bba41bf879d37e0d9118d00fd","9170","交付快照"
"src/components/WallpaperLayer.vue","组件：共享","自有","中","已纳入并检查（方法及运行限制见本行）","manual-complete-script-business-and-lifecycle-review；complete-AST-and-binding-compilation-with-control-and-flag-review；all-styles-PostCSS-parsed; all-layout-overflow-sizing-position-focus-touch-motion-critical-declarations-manually-reviewed; contrast-and-semantics-regressions","frontend_audit/independent_review","FE-003","修复及定向验证；最终见报告","实测覆盖：行76.37%/分支66.34%；全文审阅不等于所有分支已运行","584cb8220547b0b2b5dff336963ec8942255c15113917541d6aa976f1c13ec33","9410","交付快照"
"src/components/WheelPicker.vue","组件：共享","自有","常规","已纳入并检查（方法及运行限制见本行）","manual-complete-script-business-and-lifecycle-review；complete-AST-and-binding-compilation-with-control-and-flag-review；all-styles-PostCSS-parsed; all-layout-overflow-sizing-position-focus-touch-motion-critical-declarations-manually-reviewed; contrast-and-semantics-regressions","frontend_audit","","未另确认缺陷；不等于证明无缺陷","实测覆盖：行98%/分支74.35%；全文审阅不等于所有分支已运行","521544473e2fb071a313d2b0ea4d76e02cae092114426cec5f73d6a46617e017","6777","交付快照"
"src/components/account/AccountPasswordForm.vue","组件：account","自有","较高（数据/权限/时间/金额/运行边界）","已纳入并检查（方法及运行限制见本行）","manual-complete-script-business-and-lifecycle-review；complete-AST-and-binding-compilation-with-control-and-flag-review；all-styles-PostCSS-parsed; all-layout-overflow-sizing-position-focus-touch-motion-critical-declarations-manually-reviewed; contrast-and-semantics-regressions","frontend_audit","","未另确认缺陷；不等于证明无缺陷","实测覆盖：行92.85%/分支81.42%；全文审阅不等于所有分支已运行","83c8f86bc488d9098bf1abbcb59cc5febeff1bfae7524b2b1c8cfd5d7a4eed0b","6452","交付快照"
"src/components/account/AccountSessionActions.vue","组件：account","自有","较高（数据/权限/时间/金额/运行边界）","已纳入并检查（方法及运行限制见本行）","manual-complete-script-business-and-lifecycle-review；complete-AST-and-binding-compilation-with-control-and-flag-review；all-styles-PostCSS-parsed; all-layout-overflow-sizing-position-focus-touch-motion-critical-declarations-manually-reviewed; contrast-and-semantics-regressions","frontend_audit","","未另确认缺陷；不等于证明无缺陷","实测覆盖：行92.85%/分支90%；全文审阅不等于所有分支已运行","db392e469ca6a77ea590d1ecd3be7297e94806dc483e7fab6b81e93a3eaa54f1","2970","交付快照"
"src/components/courses/CourseActivityItem.vue","组件：courses","自有","常规","已纳入并检查（方法及运行限制见本行）","manual-complete-script-business-and-lifecycle-review；complete-AST-and-binding-compilation-with-control-and-flag-review；all-styles-PostCSS-parsed; all-layout-overflow-sizing-position-focus-touch-motion-critical-declarations-manually-reviewed; contrast-and-semantics-regressions","frontend_audit","","未另确认缺陷；不等于证明无缺陷","实测覆盖：行100%/分支70%；全文审阅不等于所有分支已运行","d82685a6f34b3a9fc371d9f25b761fb55033982ce1673f26f229f5b4651f881d","2924","交付快照"
"src/components/courses/CourseTaskItem.vue","组件：courses","自有","常规","已纳入并检查（方法及运行限制见本行）","manual-complete-script-business-and-lifecycle-review；complete-AST-and-binding-compilation-with-control-and-flag-review；all-styles-PostCSS-parsed; all-layout-overflow-sizing-position-focus-touch-motion-critical-declarations-manually-reviewed; contrast-and-semantics-regressions","frontend_audit","","未另确认缺陷；不等于证明无缺陷","实测覆盖：行100%/分支73.68%；全文审阅不等于所有分支已运行","4113663a9e55f6112ce10e33782b94bbd49976cdff65dd87b93e988b9f12f3f3","4126","交付快照"
"src/components/data/AccountSyncPanel.vue","组件：data","自有","常规","已纳入并检查（方法及运行限制见本行）","manual-complete-script-business-and-lifecycle-review；complete-AST-and-binding-compilation-with-control-and-flag-review；all-styles-PostCSS-parsed; all-layout-overflow-sizing-position-focus-touch-motion-critical-declarations-manually-reviewed; contrast-and-semantics-regressions","frontend_audit","","未另确认缺陷；不等于证明无缺陷","实测覆盖：行40.47%/分支24.39%；全文审阅不等于所有分支已运行","6913c385c481268cc8f574edeb0305585c98bd82c7ddc7933c5d5171138cbe8f","9873","交付快照"
"src/components/data/AppUpdateSection.vue","组件：data","自有","常规","已纳入并检查（方法及运行限制见本行）","manual-complete-script-business-and-lifecycle-review；complete-AST-and-binding-compilation-with-control-and-flag-review；all-styles-PostCSS-parsed; all-layout-overflow-sizing-position-focus-touch-motion-critical-declarations-manually-reviewed; contrast-and-semantics-regressions","frontend_audit","","未另确认缺陷；不等于证明无缺陷","实测覆盖：行61.46%/分支45.05%；全文审阅不等于所有分支已运行","c9cd5fedc5f2af52fb36cc4e66dfb68d7bc38f7244d39937497eb6c6cb60e273","17185","交付快照"
"src/components/data/BackupSection.vue","组件：data","自有","较高（数据/权限/时间/金额/运行边界）","已纳入并检查（方法及运行限制见本行）","manual-complete-script-business-and-lifecycle-review；complete-AST-and-binding-compilation-with-control-and-flag-review；all-styles-PostCSS-parsed; all-layout-overflow-sizing-position-focus-touch-motion-critical-declarations-manually-reviewed; contrast-and-semantics-regressions","frontend_audit","","未另确认缺陷；不等于证明无缺陷","实测覆盖：行80%/分支85%；全文审阅不等于所有分支已运行","2711f2de8cbd171a8d46ab5d047f2433e4244b7f1c27834f92c6183bfb248614","2628","交付快照"
"src/components/data/DataOverview.vue","组件：data","自有","常规","已纳入并检查（方法及运行限制见本行）","manual-complete-script-business-and-lifecycle-review；complete-AST-and-binding-compilation-with-control-and-flag-review；all-styles-PostCSS-parsed; all-layout-overflow-sizing-position-focus-touch-motion-critical-declarations-manually-reviewed; contrast-and-semantics-regressions","frontend_audit","","未另确认缺陷；不等于证明无缺陷","实测覆盖：行100%/分支77.14%；全文审阅不等于所有分支已运行","8c6f3fcf971bc2f407103adc23d85b781baf0661b684b6a034bbdabedef6af82","5496","交付快照"
"src/components/data/RestorePreview.vue","组件：data","自有","常规","已纳入并检查（方法及运行限制见本行）","manual-complete-script-business-and-lifecycle-review；complete-AST-and-binding-compilation-with-control-and-flag-review；all-styles-PostCSS-parsed; all-layout-overflow-sizing-position-focus-touch-motion-critical-declarations-manually-reviewed; contrast-and-semantics-regressions","frontend_audit","","未另确认缺陷；不等于证明无缺陷","实测覆盖：行93.33%/分支81.39%；全文审阅不等于所有分支已运行","70e7d7fa572a3c67fd40fcd408fccb0fc0a2d171b4f27c1b78b3a9c5d415f7ec","6552","交付快照"
"src/components/data/RestoreSection.vue","组件：data","自有","常规","已纳入并检查（方法及运行限制见本行）","manual-complete-script-business-and-lifecycle-review；complete-AST-and-binding-compilation-with-control-and-flag-review；all-styles-PostCSS-parsed; all-layout-overflow-sizing-position-focus-touch-motion-critical-declarations-manually-reviewed; contrast-and-semantics-regressions","frontend_audit","","未另确认缺陷；不等于证明无缺陷","实测覆盖：行100%/分支100%；全文审阅不等于所有分支已运行","4014869a7962227c34f3e7998f1f254f428970248e67b8560b02c8dacb12f4ad","2577","交付快照"
"src/components/events/EventCalendar.vue","组件：events","自有","常规","已纳入并检查（方法及运行限制见本行）","manual-complete-script-business-and-lifecycle-review；complete-AST-and-binding-compilation-with-control-and-flag-review；all-styles-PostCSS-parsed; all-layout-overflow-sizing-position-focus-touch-motion-critical-declarations-manually-reviewed; contrast-and-semantics-regressions","frontend_audit","","未另确认缺陷；不等于证明无缺陷","实测覆盖：行76.47%/分支75%；全文审阅不等于所有分支已运行","2034712296c906c13dcfccb7ff9ad6e6dae238089046be0ea330aa5de959f844","6672","交付快照"
"src/components/focus-panel.css","组件：共享","自有","常规","已纳入并检查（方法及运行限制见本行）","not-applicable；not-applicable；all-styles-PostCSS-parsed; all-layout-overflow-sizing-position-focus-touch-motion-critical-declarations-manually-reviewed; contrast-and-semantics-regressions","frontend_audit","","未另确认缺陷；不等于证明无缺陷","实测覆盖：行100%/分支100%；全文审阅不等于所有分支已运行","f532d3709c8fcbf9a81e5727380a2d1fb7fa7d563fff7ff9317c91911c16b01b","6646","交付快照"
"src/components/learning/LearningNavigation.vue","组件：learning","自有","常规","已纳入并检查（方法及运行限制见本行）","manual-complete-script-business-and-lifecycle-review；complete-AST-and-binding-compilation-with-control-and-flag-review；all-styles-PostCSS-parsed; all-layout-overflow-sizing-position-focus-touch-motion-critical-declarations-manually-reviewed; contrast-and-semantics-regressions","frontend_audit","","未另确认缺陷；不等于证明无缺陷","实测覆盖：行100%/分支100%；全文审阅不等于所有分支已运行","a7785836954d88e9acb9e298d730d4528a506b5cc64a333d1d6761d39657bbf7","1530","交付快照"
"src/components/learning/StudyPlanner.vue","组件：learning","自有","常规","已纳入并检查（方法及运行限制见本行）","manual-complete-script-business-and-lifecycle-review；complete-AST-and-binding-compilation-with-control-and-flag-review；all-styles-PostCSS-parsed; all-layout-overflow-sizing-position-focus-touch-motion-critical-declarations-manually-reviewed; contrast-and-semantics-regressions","frontend_audit","","未另确认缺陷；不等于证明无缺陷","实测覆盖：行76.92%/分支73.03%；全文审阅不等于所有分支已运行","0d38a1372778f3c424db72290d25f9904bc73050f9bd35ecbc418aa7f5e99b51","11457","交付快照"
"src/components/learning/TaskFocusLink.vue","组件：learning","自有","常规","已纳入并检查（方法及运行限制见本行）","manual-complete-script-business-and-lifecycle-review；complete-AST-and-binding-compilation-with-control-and-flag-review；all-styles-PostCSS-parsed; all-layout-overflow-sizing-position-focus-touch-motion-critical-declarations-manually-reviewed; contrast-and-semantics-regressions","frontend_audit","","未另确认缺陷；不等于证明无缺陷","实测覆盖：行100%/分支100%；全文审阅不等于所有分支已运行","29d1c47fc68de8c96a991c91b4e1eb640162f22b64517b7354009fcf32fd8d61","939","交付快照"
"src/components/navigation/NavigationFeaturePicker.vue","组件：navigation","自有","常规","已纳入并检查（方法及运行限制见本行）","manual-complete-script-business-and-lifecycle-review；complete-AST-and-binding-compilation-with-control-and-flag-review；all-styles-PostCSS-parsed; all-layout-overflow-sizing-position-focus-touch-motion-critical-declarations-manually-reviewed; contrast-and-semantics-regressions","frontend_audit","","未另确认缺陷；不等于证明无缺陷","实测覆盖：行100%/分支90.69%；全文审阅不等于所有分支已运行","ed4676d6f5ec49c560d9295a14ed9b64560569d19935cc999fa5379b55eaac8d","6815","交付快照"
"src/components/navigation/NavigationPreview.vue","组件：navigation","自有","常规","已纳入并检查（方法及运行限制见本行）","manual-complete-script-business-and-lifecycle-review；complete-AST-and-binding-compilation-with-control-and-flag-review；all-styles-PostCSS-parsed; all-layout-overflow-sizing-position-focus-touch-motion-critical-declarations-manually-reviewed; contrast-and-semantics-regressions","frontend_audit","","未另确认缺陷；不等于证明无缺陷","实测覆盖：行93.75%/分支82.75%；全文审阅不等于所有分支已运行","2c20c96ca26131227e6fdefe3d9dfd12e5fdf35d53a25591a957c341486c9628","7659","交付快照"
"src/components/projects/ProjectDraftRecovery.vue","组件：projects","自有","较高（数据/权限/时间/金额/运行边界）","已纳入并检查（方法及运行限制见本行）","完整script及模板控制接线审阅；全文SFC编译/CSS解析和关键布局声明审查；全路由浏览器","root/independent_review","","未另确认缺陷；不等于证明无缺陷","实测覆盖：行44.44%/分支0%；全文审阅不等于所有分支已运行","ab9df1d5ea59aebf837a7895468a13324ca99fe050c39be0ce3600f0771249c0","2248","交付快照"
"src/components/projects/ProjectTaskOverview.vue","组件：projects","自有","较高（数据/权限/时间/金额/运行边界）","已纳入并检查（方法及运行限制见本行）","manual-complete-pure-props-and-filter-emission-review；all-progress-and-native-button-controls-read; Vue binding compilation; filter payloads checked against parent；complete-CSS-read; grid-three-columns-below520; minmax-zero-track-sizing; 58px-native-buttons-and-focus-visible","frontend_audit/independent_review","","未另确认缺陷；不等于证明无缺陷","实测覆盖：行55.55%/分支95.83%；全文审阅不等于所有分支已运行","8bf8ad597e99eadbb81a888c619b53f01522c037b33a64f6793fe35fa6404a03","3288","交付快照"
"src/components/projects/ProjectTaskWorkProgress.vue","组件：projects","自有","较高（数据/权限/时间/金额/运行边界）","已纳入并检查（方法及运行限制见本行）","manual-complete-script-business-and-lifecycle-review；complete-AST-and-binding-compilation-with-control-and-flag-review；all-styles-PostCSS-parsed; all-layout-overflow-sizing-position-focus-touch-motion-critical-declarations-manually-reviewed; contrast-and-semantics-regressions","frontend_audit","","未另确认缺陷；不等于证明无缺陷","实测覆盖：行75%/分支0%；全文审阅不等于所有分支已运行","fd7edb35f0aaf2b1ce43f92c9795a3e9040a1e3888791cf02036d8b752283766","1201","交付快照"
"src/components/schedule/BatchImportModal.vue","组件：schedule","自有","较高（数据/权限/时间/金额/运行边界）","已纳入并检查（方法及运行限制见本行）","manual-complete-script-business-and-lifecycle-review；complete-AST-and-binding-compilation-with-control-and-flag-review；all-styles-PostCSS-parsed; all-layout-overflow-sizing-position-focus-touch-motion-critical-declarations-manually-reviewed; contrast-and-semantics-regressions","frontend_audit","","未另确认缺陷；不等于证明无缺陷","实测覆盖：行20.47%/分支0%；全文审阅不等于所有分支已运行","98327bd3ed1cfce82b6d73cfa484e2db3bb95ca775f1313d0146f1274b9c4bc3","31721","交付快照"
"src/components/schedule/CourseEditorModal.vue","组件：schedule","自有","较高（数据/权限/时间/金额/运行边界）","已纳入并检查（方法及运行限制见本行）","manual-complete-script-business-and-lifecycle-review；complete-AST-and-binding-compilation-with-control-and-flag-review；all-styles-PostCSS-parsed; all-layout-overflow-sizing-position-focus-touch-motion-critical-declarations-manually-reviewed; contrast-and-semantics-regressions","frontend_audit","","未另确认缺陷；不等于证明无缺陷","实测覆盖：行59.03%/分支60.75%；全文审阅不等于所有分支已运行","318b2e8a37ccd84c66e0432f33beb68130a60ffa448044a67ce8787836d42ac3","16047","交付快照"
"src/components/schedule/CourseManagerModal.vue","组件：schedule","自有","较高（数据/权限/时间/金额/运行边界）","已纳入并检查（方法及运行限制见本行）","manual-complete-script-business-and-lifecycle-review；complete-AST-and-binding-compilation-with-control-and-flag-review；all-styles-PostCSS-parsed; all-layout-overflow-sizing-position-focus-touch-motion-critical-declarations-manually-reviewed; contrast-and-semantics-regressions","frontend_audit","","未另确认缺陷；不等于证明无缺陷","实测覆盖：行64%/分支65.78%；全文审阅不等于所有分支已运行","984845fe658f70ba1f3a1283ce8103cf475f15dba7509019bc3826e4920a1e4c","8470","交付快照"
"src/components/schedule/ExceptionsModal.vue","组件：schedule","自有","较高（数据/权限/时间/金额/运行边界）","已纳入并检查（方法及运行限制见本行）","manual-complete-script-business-and-lifecycle-review；complete-AST-and-binding-compilation-with-control-and-flag-review；all-styles-PostCSS-parsed; all-layout-overflow-sizing-position-focus-touch-motion-critical-declarations-manually-reviewed; contrast-and-semantics-regressions","frontend_audit","","未另确认缺陷；不等于证明无缺陷","实测覆盖：行96.49%/分支80.68%；全文审阅不等于所有分支已运行","29947257f109c94b99e9e3b64301405577195225f6a133cf62622968c899a980","36763","交付快照"
"src/components/schedule/ImageCropModal.vue","组件：schedule","自有","较高（数据/权限/时间/金额/运行边界）","已纳入并检查（方法及运行限制见本行）","manual-complete-script-business-and-lifecycle-review；complete-AST-and-binding-compilation-with-control-and-flag-review；all-styles-PostCSS-parsed; all-layout-overflow-sizing-position-focus-touch-motion-critical-declarations-manually-reviewed; contrast-and-semantics-regressions","frontend_audit/independent_review","FE-008","修复及定向验证；最终见报告","实测覆盖：行58.62%/分支58.57%；全文审阅不等于所有分支已运行","3f6f4b64185ba94d0e913d12dc800e6e21cca6c46f110b9422ecaccc936250f5","9638","交付快照"
"src/components/schedule/ImportConflictModal.vue","组件：schedule","自有","较高（数据/权限/时间/金额/运行边界）","已纳入并检查（方法及运行限制见本行）","manual-complete-script-business-and-lifecycle-review；complete-AST-and-binding-compilation-with-control-and-flag-review；all-styles-PostCSS-parsed; all-layout-overflow-sizing-position-focus-touch-motion-critical-declarations-manually-reviewed; contrast-and-semantics-regressions","frontend_audit","","未另确认缺陷；不等于证明无缺陷","实测覆盖：行19.04%/分支0%；全文审阅不等于所有分支已运行","223b7639f47a4ac99c093fec70bb63233d6bec01de5af989b93f36571b461808","7386","交付快照"
"src/components/schedule/RecognitionSchemeDetailModal.vue","组件：schedule","自有","较高（数据/权限/时间/金额/运行边界）","已纳入并检查（方法及运行限制见本行）","manual-complete-script-business-and-lifecycle-review；complete-AST-and-binding-compilation-with-control-and-flag-review；all-styles-PostCSS-parsed; all-layout-overflow-sizing-position-focus-touch-motion-critical-declarations-manually-reviewed; contrast-and-semantics-regressions","frontend_audit","","未另确认缺陷；不等于证明无缺陷","实测覆盖：行25.8%/分支1.92%；全文审阅不等于所有分支已运行","f947d51fa429eba587dd5fb226d080870c836dd8adf8012c3981458e22043555","10942","交付快照"
"src/components/schedule/ScheduleGrid.vue","组件：schedule","自有","较高（数据/权限/时间/金额/运行边界）","已纳入并检查（方法及运行限制见本行）","manual-complete-script-business-and-lifecycle-review；complete-AST-and-binding-compilation-with-control-and-flag-review；all-styles-PostCSS-parsed; all-layout-overflow-sizing-position-focus-touch-motion-critical-declarations-manually-reviewed; contrast-and-semantics-regressions","frontend_audit","","未另确认缺陷；不等于证明无缺陷","实测覆盖：行86.53%/分支71.85%；全文审阅不等于所有分支已运行","6dada710d6d2acceed4f9d0ccc20b86f1ebdd2ccbdd0c53bab14920ea41f61ec","22619","交付快照"
"src/components/schedule/ScheduleNote.vue","组件：schedule","自有","较高（数据/权限/时间/金额/运行边界）","已纳入并检查（方法及运行限制见本行）","manual-complete-script-business-and-lifecycle-review；complete-AST-and-binding-compilation-with-control-and-flag-review；all-styles-PostCSS-parsed; all-layout-overflow-sizing-position-focus-touch-motion-critical-declarations-manually-reviewed; contrast-and-semantics-regressions","frontend_audit","","未另确认缺陷；不等于证明无缺陷","实测覆盖：行87.5%/分支75%；全文审阅不等于所有分支已运行","08d0ace8dd25f3e92f083fcb7ec8d982924f833918a4a04472a6b2e0f1653e4f","1338","交付快照"
"src/components/schedule/SemesterModal.vue","组件：schedule","自有","较高（数据/权限/时间/金额/运行边界）","已纳入并检查（方法及运行限制见本行）","manual-complete-script-business-and-lifecycle-review；complete-AST-and-binding-compilation-with-control-and-flag-review；all-styles-PostCSS-parsed; all-layout-overflow-sizing-position-focus-touch-motion-critical-declarations-manually-reviewed; contrast-and-semantics-regressions","frontend_audit","","未另确认缺陷；不等于证明无缺陷","实测覆盖：行66.66%/分支0%；全文审阅不等于所有分支已运行","d36b932d95e88a14540980d9576e8d53e811472449a5bb9d1ae9bbf5b5923078","2026","交付快照"
"src/components/schedule/TimeBaseSettings.vue","组件：schedule","自有","较高（数据/权限/时间/金额/运行边界）","已纳入并检查（方法及运行限制见本行）","manual-complete-script-business-and-lifecycle-review；complete-AST-and-binding-compilation-with-control-and-flag-review；all-styles-PostCSS-parsed; all-layout-overflow-sizing-position-focus-touch-motion-critical-declarations-manually-reviewed; contrast-and-semantics-regressions","frontend_audit","","未另确认缺陷；不等于证明无缺陷","实测覆盖：行22.93%/分支28.2%；全文审阅不等于所有分支已运行","21538accef3b525aef2c833a695eaa82cd81f95085470db63d6d070883167268","14067","交付快照"
"src/components/schedule/TimeGeneratePanel.vue","组件：schedule","自有","较高（数据/权限/时间/金额/运行边界）","已纳入并检查（方法及运行限制见本行）","manual-complete-script-business-and-lifecycle-review；complete-AST-and-binding-compilation-with-control-and-flag-review；all-styles-PostCSS-parsed; all-layout-overflow-sizing-position-focus-touch-motion-critical-declarations-manually-reviewed; contrast-and-semantics-regressions","frontend_audit","","未另确认缺陷；不等于证明无缺陷","实测覆盖：行51.72%/分支74.62%；全文审阅不等于所有分支已运行","1046fc2540fde6e5efbd757adf65df1a30f089a69fd14b69ddf67118f62ef6f1","6260","交付快照"
"src/components/schedule/TimeImportPlanModal.vue","组件：schedule","自有","较高（数据/权限/时间/金额/运行边界）","已纳入并检查（方法及运行限制见本行）","manual-complete-script-business-and-lifecycle-review；complete-AST-and-binding-compilation-with-control-and-flag-review；all-styles-PostCSS-parsed; all-layout-overflow-sizing-position-focus-touch-motion-critical-declarations-manually-reviewed; contrast-and-semantics-regressions","frontend_audit","","未另确认缺陷；不等于证明无缺陷","实测覆盖：行66.66%/分支63.79%；全文审阅不等于所有分支已运行","0936103846f5409d61f85dbfaf55f5f227b6e2cb70ac4d4a8751b3162bd07706","10283","交付快照"
"src/components/schedule/TimeSettingsModal.vue","组件：schedule","自有","高","已纳入并检查（方法及运行限制见本行）","manual-complete-script-business-and-lifecycle-review；complete-AST-and-binding-compilation-with-control-and-flag-review；all-styles-PostCSS-parsed; all-layout-overflow-sizing-position-focus-touch-motion-critical-declarations-manually-reviewed; contrast-and-semantics-regressions","frontend_audit/independent_review","DATA-24;DATA-25;IR-007;IR-008","fixed-and-regression-verified;fixed-and-regression-verified;resolved-source-and-runtime-verified;resolved-source-and-runtime-verified","实测覆盖：行55.45%/分支36.52%；全文审阅不等于所有分支已运行","3fc1233ab25d1fc7f525ddbd95fb7db66fafc6dda7231e1ff90d60ff87cc5bdb","37428","交付快照"
"src/components/task-views/TaskBoard.vue","组件：task-views","自有","常规","已纳入并检查（方法及运行限制见本行）","manual-complete-script-business-and-lifecycle-review；complete-AST-and-binding-compilation-with-control-and-flag-review；all-styles-PostCSS-parsed; all-layout-overflow-sizing-position-focus-touch-motion-critical-declarations-manually-reviewed; contrast-and-semantics-regressions","frontend_audit","","未另确认缺陷；不等于证明无缺陷","实测覆盖：行26.66%/分支17.64%；全文审阅不等于所有分支已运行","1b1a1eac2509b99212ed9966f9b37019862c61313ede36f7bf82f8908c41efa7","12633","交付快照"
"src/components/task-views/TaskCalendar.vue","组件：task-views","自有","常规","已纳入并检查（方法及运行限制见本行）","manual-complete-script-business-and-lifecycle-review；complete-AST-and-binding-compilation-with-control-and-flag-review；all-styles-PostCSS-parsed; all-layout-overflow-sizing-position-focus-touch-motion-critical-declarations-manually-reviewed; contrast-and-semantics-regressions","frontend_audit","","未另确认缺陷；不等于证明无缺陷","实测覆盖：行88.46%/分支63.33%；全文审阅不等于所有分支已运行","2cb643b97956b373ad3e01bb8452d1cb470e3c97573843243ae3dc2fc150a0dc","10620","交付快照"
"src/components/tasks/TaskRescheduleDialog.vue","组件：tasks","自有","较高（数据/权限/时间/金额/运行边界）","已纳入并检查（方法及运行限制见本行）","manual-complete-script-business-and-lifecycle-review；complete-AST-and-binding-compilation-with-control-and-flag-review；all-styles-PostCSS-parsed; all-layout-overflow-sizing-position-focus-touch-motion-critical-declarations-manually-reviewed; contrast-and-semantics-regressions","frontend_audit","","未另确认缺陷；不等于证明无缺陷","实测覆盖：行95.45%/分支98.03%；全文审阅不等于所有分支已运行","fad2ec91e2a0bcb4ecd0b7b1977ee87bf4ab179b2c0399e88db2b85d46cd1159","4421","交付快照"
"src/components/tasks/TaskStageAction.vue","组件：tasks","自有","常规","已纳入并检查（方法及运行限制见本行）","manual-complete-script-business-and-lifecycle-review；complete-AST-and-binding-compilation-with-control-and-flag-review；all-styles-PostCSS-parsed; all-layout-overflow-sizing-position-focus-touch-motion-critical-declarations-manually-reviewed; contrast-and-semantics-regressions","frontend_audit","","未另确认缺陷；不等于证明无缺陷","实测覆盖：行100%/分支100%；全文审阅不等于所有分支已运行","bb2379fad3a6868196c302dda308db37a5b4d2dfdbcf4f3671de48f373b720d9","1684","交付快照"
"src/components/tasks/TaskTimeEditor.vue","组件：tasks","自有","常规","已纳入并检查（方法及运行限制见本行）","manual-complete-script-business-and-lifecycle-review；complete-AST-and-binding-compilation-with-control-and-flag-review；all-styles-PostCSS-parsed; all-layout-overflow-sizing-position-focus-touch-motion-critical-declarations-manually-reviewed; contrast-and-semantics-regressions","frontend_audit","","未另确认缺陷；不等于证明无缺陷","实测覆盖：行46.66%/分支59.01%；全文审阅不等于所有分支已运行","cfd01da6d1b6434c5e5c3d31441c5e445859a400a31095315fe790b35fa614ea","14005","交付快照"
"src/components/tasks/TaskTimeShift.vue","组件：tasks","自有","常规","已纳入并检查（方法及运行限制见本行）","manual-complete-script-business-and-lifecycle-review；complete-AST-and-binding-compilation-with-control-and-flag-review；all-styles-PostCSS-parsed; all-layout-overflow-sizing-position-focus-touch-motion-critical-declarations-manually-reviewed; contrast-and-semantics-regressions","frontend_audit","","未另确认缺陷；不等于证明无缺陷","实测覆盖：行71.42%/分支88%；全文审阅不等于所有分支已运行","4573a0c4303de6efd7d6c6e3b8610e272960b4c8cb672a3a615566565d1b86a5","6445","交付快照"
"src/components/tasks/TaskWorkCheckpointFields.vue","组件：tasks","自有","常规","已纳入并检查（方法及运行限制见本行）","manual-complete-script-business-and-lifecycle-review；complete-AST-and-binding-compilation-with-control-and-flag-review；all-styles-PostCSS-parsed; all-layout-overflow-sizing-position-focus-touch-motion-critical-declarations-manually-reviewed; contrast-and-semantics-regressions","frontend_audit","","未另确认缺陷；不等于证明无缺陷","实测覆盖：行70%/分支95%；全文审阅不等于所有分支已运行","bbc5822a48299a8ae94b73c4c1fae3df4b585eb6b6425bfbd77fc1c6638735c4","3333","交付快照"
"src/components/tasks/TaskWorkSession.vue","组件：tasks","自有","常规","已纳入并检查（方法及运行限制见本行）","manual-complete-script-business-and-lifecycle-review；complete-AST-and-binding-compilation-with-control-and-flag-review；all-styles-PostCSS-parsed; all-layout-overflow-sizing-position-focus-touch-motion-critical-declarations-manually-reviewed; contrast-and-semantics-regressions","frontend_audit","","未另确认缺陷；不等于证明无缺陷","实测覆盖：行68.75%/分支67.85%；全文审阅不等于所有分支已运行","f6d6f24a486265473b65596a694b4db59b3514614b0bb079380dc6bc733cf199","5138","交付快照"
"src/composables/accountAuth.js","领域/状态：accountAuth.js","自有","较高（数据/权限/时间/金额/运行边界）","已纳入并检查（方法及运行限制见本行）","full-source-manual-review；imports/initialization/data boundaries/error paths；root AST parse/import scan when present","data_audit","","未另确认缺陷；不等于证明无缺陷","实测覆盖：行96.31%/分支89.06%；全文审阅不等于所有分支已运行","39d691b2e9de0ee25ba1fb2552ec19bfbeaead714442c8f0bded8cb214c57830","17080","交付快照"
"src/composables/accountEmailCooldown.js","领域/状态：accountEmailCooldown.js","自有","较高（数据/权限/时间/金额/运行边界）","已纳入并检查（方法及运行限制见本行）","full-source-manual-review；imports/initialization/data boundaries/error paths；root AST parse/import scan when present","data_audit","","未另确认缺陷；不等于证明无缺陷","实测覆盖：行95.83%/分支83.33%；全文审阅不等于所有分支已运行","52f671934fc22b45e55c64fd15f8f990260df28694702418d4189a9429dd2f69","1240","交付快照"
"src/composables/accountLocalData.js","领域/状态：accountLocalData.js","自有","较高（数据/权限/时间/金额/运行边界）","已纳入并检查（方法及运行限制见本行）","full-source-manual-review；imports/initialization/data boundaries/error paths；root AST parse/import scan when present","data_audit","","未另确认缺陷；不等于证明无缺陷","实测覆盖：行74.05%/分支62.58%；全文审阅不等于所有分支已运行","db8664dd54b26c4c4429dd4d66a267ae1bb8d377de4fe0d48fc727835dcf7ac3","15077","交付快照"
"src/composables/accountLogoutCleanup.js","领域/状态：accountLogoutCleanup.js","自有","较高（数据/权限/时间/金额/运行边界）","已纳入并检查（方法及运行限制见本行）","full-source-manual-review；imports/initialization/data boundaries/error paths；root AST parse/import scan when present","data_audit","","未另确认缺陷；不等于证明无缺陷","实测覆盖：行100%/分支100%；全文审阅不等于所有分支已运行","2faa235d4e3ef5b580ba9b9e2a8e55cc7587d43d7768ebd32b6d04d8e646cede","344","交付快照"
"src/composables/accountSyncData.js","领域/状态：accountSyncData.js","自有","较高（数据/权限/时间/金额/运行边界）","已纳入并检查（方法及运行限制见本行）","full-source-manual-review；imports/initialization/data boundaries/error paths；root AST parse/import scan when present","data_audit","","未另确认缺陷；不等于证明无缺陷","实测覆盖：行100%/分支94.54%；全文审阅不等于所有分支已运行","cdfdefe73eda8412eebc1c549a649302184db55c796854f65834e0e94811243b","5965","交付快照"
"src/composables/accountSyncEngine.js","领域/状态：accountSyncEngine.js","自有","较高（数据/权限/时间/金额/运行边界）","已纳入并检查（方法及运行限制见本行）","full-source-manual-review；imports/initialization/data boundaries/error paths；root AST parse/import scan when present","data_audit","","未另确认缺陷；不等于证明无缺陷","实测覆盖：行91.64%/分支66.22%；全文审阅不等于所有分支已运行","354216b2a2863b5941671aab8469849d21c81001a8abcd728f5db47cf52908cf","31902","交付快照"
"src/composables/accountSyncIdentity.js","领域/状态：accountSyncIdentity.js","自有","较高（数据/权限/时间/金额/运行边界）","已纳入并检查（方法及运行限制见本行）","full-source-manual-review；imports/initialization/data boundaries/error paths；root AST parse/import scan when present","data_audit","","未另确认缺陷；不等于证明无缺陷","实测覆盖：行93.33%/分支81.25%；全文审阅不等于所有分支已运行","2bd6b99dbc3e3d096efc34e0ce41de0011a8c93b3491e4c3294ec6641edbdf17","2883","交付快照"
"src/composables/accountSyncLifecycle.js","领域/状态：accountSyncLifecycle.js","自有","较高（数据/权限/时间/金额/运行边界）","已纳入并检查（方法及运行限制见本行）","full-source-manual-review；imports/initialization/data boundaries/error paths；root AST parse/import scan when present","data_audit","","未另确认缺陷；不等于证明无缺陷","实测覆盖：行83.56%/分支56.45%；全文审阅不等于所有分支已运行","3831a6ae19fc71ce9cbd4d3d45ea78bfdd9b7d4093b2c012f118cdde31e1ddab","7924","交付快照"
"src/composables/accountSyncMode.js","领域/状态：accountSyncMode.js","自有","高","已纳入并检查（方法及运行限制见本行）","full-source-manual-review；imports/initialization/data boundaries/error paths；root AST parse/import scan when present","data_audit/independent_review","DATA-04","fixed-and-regression-verified","实测覆盖：行100%/分支81.25%；全文审阅不等于所有分支已运行","08bd7d1d5c51ccb0996cff0eb62506365ca517de8d09c618473e61b6c054d59a","2775","交付快照"
"src/composables/accountSyncSchema.js","领域/状态：accountSyncSchema.js","自有","较高（数据/权限/时间/金额/运行边界）","已纳入并检查（方法及运行限制见本行）","full-source-manual-review；imports/initialization/data boundaries/error paths；root AST parse/import scan when present","data_audit","","未另确认缺陷；不等于证明无缺陷","实测覆盖：行100%/分支100%；全文审阅不等于所有分支已运行","e8957798dd74ae11f4de63158532eb9e21edba0bc2785361e4929b8c18def781","132","交付快照"
"src/composables/accountSyncState.js","领域/状态：accountSyncState.js","自有","较高（数据/权限/时间/金额/运行边界）","已纳入并检查（方法及运行限制见本行）","full-source-manual-review；imports/initialization/data boundaries/error paths；root AST parse/import scan when present","data_audit","","未另确认缺陷；不等于证明无缺陷","实测覆盖：行55.55%/分支50%；全文审阅不等于所有分支已运行","40fcc865d815ce31059e8d3a561e786ffb721af37d8b1bb3a8947d6e10bb031d","699","交付快照"
"src/composables/actionFeedback.js","领域/状态：actionFeedback.js","自有","常规","已纳入并检查（方法及运行限制见本行）","full-source-manual-review；imports/initialization/data boundaries/error paths；root AST parse/import scan when present","data_audit","","未另确认缺陷；不等于证明无缺陷","实测覆盖：行96.73%/分支88.31%；全文审阅不等于所有分支已运行","b1d902149f994aac16e5cb5d1ffbef5bcfff2880ad1d78ff1090eb5e1bffb023","5684","交付快照"
"src/composables/appUpdate.js","领域/状态：appUpdate.js","自有","常规","已纳入并检查（方法及运行限制见本行）","full-source-manual-review；imports/initialization/data boundaries/error paths；root AST parse/import scan when present","data_audit","","未另确认缺陷；不等于证明无缺陷","实测覆盖：行64.83%/分支55.07%；全文审阅不等于所有分支已运行","7a8d6d0b1d2306de7cabf6699904b92b372dded988feb01a4f57274524744ed8","27747","交付快照"
"src/composables/appearance.js","领域/状态：appearance.js","自有","常规","已纳入并检查（方法及运行限制见本行）","full-source-manual-review；imports/initialization/data boundaries/error paths；root AST parse/import scan when present","data_audit","","未另确认缺陷；不等于证明无缺陷","实测覆盖：行84.84%/分支84.21%；全文审阅不等于所有分支已运行","c112f909577236ab93424347a0ff8bbf0f73540f7b94b48893caac757e823570","4010","交付快照"
"src/composables/appearanceFeedback.js","领域/状态：appearanceFeedback.js","自有","常规","已纳入并检查（方法及运行限制见本行）","full-source-manual-review；imports/initialization/data boundaries/error paths；root AST parse/import scan when present","data_audit","","未另确认缺陷；不等于证明无缺陷","实测覆盖：行100%/分支72.72%；全文审阅不等于所有分支已运行","7c024655be844e4a7b37c5a5964654a01052895c2b2f1108546bf16b566bb350","1545","交付快照"
"src/composables/asyncTask.js","领域/状态：asyncTask.js","自有","较高（数据/权限/时间/金额/运行边界）","已纳入并检查（方法及运行限制见本行）","full-source-manual-review；imports/initialization/data boundaries/error paths；root AST parse/import scan when present","data_audit","","未另确认缺陷；不等于证明无缺陷","实测覆盖：行89.65%/分支92.85%；全文审阅不等于所有分支已运行","ea009cb2782c078230d9f85e7bae1e2509866425a036ea52d2a53380b0dd4304","1749","交付快照"
"src/composables/atmosphereStore.js","领域/状态：atmosphereStore.js","自有","常规","已纳入并检查（方法及运行限制见本行）","full-source-manual-review；imports/initialization/data boundaries/error paths；root AST parse/import scan when present","data_audit","","未另确认缺陷；不等于证明无缺陷","实测覆盖：行100%/分支100%；全文审阅不等于所有分支已运行","94627f26367e6449f9eedde06bbf54a5248f025f2d076e458f5c0f9d819b3492","1106","交付快照"
"src/composables/backupArchive.js","领域/状态：backupArchive.js","自有","较高（数据/权限/时间/金额/运行边界）","已纳入并检查（方法及运行限制见本行）","full-source-manual-review；imports/initialization/data boundaries/error paths；root AST parse/import scan when present","data_audit","","未另确认缺陷；不等于证明无缺陷","实测覆盖：行90.78%/分支83.5%；全文审阅不等于所有分支已运行","7c2a5b590d2c6b121e01fecdf4b5deefe2a10e07284cb46a7f02b7a7c684b2ac","18500","交付快照"
"src/composables/backupReminder.js","领域/状态：backupReminder.js","自有","较高（数据/权限/时间/金额/运行边界）","已纳入并检查（方法及运行限制见本行）","full-source-manual-review；imports/initialization/data boundaries/error paths；root AST parse/import scan when present","data_audit","","未另确认缺陷；不等于证明无缺陷","实测覆盖：行76.92%/分支50%；全文审阅不等于所有分支已运行","8c9db10094b21731c68ffb6ee3ab30af9585522b93013e57556db6308876c2ab","941","交付快照"
"src/composables/backupRestore.js","领域/状态：backupRestore.js","自有","较高（数据/权限/时间/金额/运行边界）","已纳入并检查（方法及运行限制见本行）","full-source-manual-review；imports/initialization/data boundaries/error paths；root AST parse/import scan when present","data_audit","","未另确认缺陷；不等于证明无缺陷","实测覆盖：行100%/分支88.88%；全文审阅不等于所有分支已运行","0564e1a6a087f4691f395c20a95f9fd2a0019e712573b0aad38f361b921d15b0","686","交付快照"
"src/composables/checklists.js","领域/状态：checklists.js","自有","常规","已纳入并检查（方法及运行限制见本行）","full-source-manual-review；imports/initialization/data boundaries/error paths；root AST parse/import scan when present","data_audit","","未另确认缺陷；不等于证明无缺陷","实测覆盖：行99.18%/分支69.82%；全文审阅不等于所有分支已运行","c696906dafa7c8579b371b71b41f6b2a69a13315726f9e5d82f036b6778bc638","9079","交付快照"
"src/composables/collaborationContext.js","领域/状态：collaborationContext.js","自有","中","已纳入并检查（方法及运行限制见本行）","完整源码逻辑/边界/错误与生命周期审查；静态及定向回归","frontend_audit/independent_review","FE-010;FE-011;FE-012;FE-013;IR-001;IR-002;IR-009","修复及定向验证；最终见报告;修复及定向验证；最终见报告;修复及定向验证；最终见报告;修复及定向验证；最终见报告;resolved-source-and-runtime-verified;resolved-source-and-runtime-verified;resolved-source-and-runtime-verified","实测覆盖：行100%/分支92.68%；全文审阅不等于所有分支已运行","0f3cff0e95de7699b1d2ff90458ea6a63a71c01b03bdaf17110662d6cac42bda","2642","交付快照"
"src/composables/conflictDetection.js","领域/状态：conflictDetection.js","自有","常规","已纳入并检查（方法及运行限制见本行）","full-source-manual-review；imports/initialization/data boundaries/error paths；root AST parse/import scan when present","data_audit","","未另确认缺陷；不等于证明无缺陷","实测覆盖：行53.4%/分支53.07%；全文审阅不等于所有分支已运行","ad587dd3e1c3ef776d8c3b083da69e96fd162e70a245f147051aac93c3251132","11756","交付快照"
"src/composables/contrast.js","领域/状态：contrast.js","自有","常规","已纳入并检查（方法及运行限制见本行）","full-source-manual-review；imports/initialization/data boundaries/error paths；root AST parse/import scan when present","data_audit","","未另确认缺陷；不等于证明无缺陷","实测覆盖：行100%/分支75%；全文审阅不等于所有分支已运行","24fde8db6736cc96ca8af27d438fc718729cea89bbc5415e2d1dd80c5da71616","1214","交付快照"
"src/composables/courseImport.js","领域/状态：courseImport.js","自有","常规","已纳入并检查（方法及运行限制见本行）","full-source-manual-review；imports/initialization/data boundaries/error paths；root AST parse/import scan when present","data_audit","","未另确认缺陷；不等于证明无缺陷","实测覆盖：行100%/分支76.19%；全文审阅不等于所有分支已运行","7bb9815bf443c5f5ebdb15e3d53c9dd39ad93d959f46c9290b971876a2535a86","5033","交付快照"
"src/composables/courseLinks.js","领域/状态：courseLinks.js","自有","常规","已纳入并检查（方法及运行限制见本行）","full-source-manual-review；imports/initialization/data boundaries/error paths；root AST parse/import scan when present","data_audit","","未另确认缺陷；不等于证明无缺陷","实测覆盖：行100%/分支87.5%；全文审阅不等于所有分支已运行","941426da1132c3ce33b0a213d3453ad29309c90f56d7ca02408be8bab151991c","396","交付快照"
"src/composables/courseParser.js","领域/状态：courseParser.js","自有","常规","已纳入并检查（方法及运行限制见本行）","full-source-manual-review；imports/initialization/data boundaries/error paths；root AST parse/import scan when present","data_audit","","未另确认缺陷；不等于证明无缺陷","实测覆盖：行77.57%/分支64.82%；全文审阅不等于所有分支已运行","3b370553dc9189e2bb3a44e8bb8b64af6dadc560004d9dda26ee359be5a90233","12833","交付快照"
"src/composables/coursePeriodMigration.js","领域/状态：coursePeriodMigration.js","自有","常规","已纳入并检查（方法及运行限制见本行）","full-source-manual-review；imports/initialization/data boundaries/error paths；root AST parse/import scan when present","data_audit","","未另确认缺陷；不等于证明无缺陷","实测覆盖：行100%/分支83.33%；全文审阅不等于所有分支已运行","02bb1be04627589a74406e6f7d9e88001a763e1abdf7947bde27d9fd5c11f8eb","1066","交付快照"
"src/composables/courseProgress.js","领域/状态：courseProgress.js","自有","常规","已纳入并检查（方法及运行限制见本行）","full-source-manual-review；imports/initialization/data boundaries/error paths；root AST parse/import scan when present","data_audit","","未另确认缺陷；不等于证明无缺陷","实测覆盖：行98.78%/分支91.81%；全文审阅不等于所有分支已运行","81c472842df78a73c1a31915d2626de5c7f085284816b12e2818c3f66a7bc842","10745","交付快照"
"src/composables/courseTemplates.js","领域/状态：courseTemplates.js","自有","常规","已纳入并检查（方法及运行限制见本行）","full-source-manual-review；imports/initialization/data boundaries/error paths；root AST parse/import scan when present","data_audit","","未另确认缺陷；不等于证明无缺陷","实测覆盖：行89.47%/分支52.94%；全文审阅不等于所有分支已运行","8f3564c8e83bf95cff591f0ca8aca893e02b4923a54351e0280610e67b0a71c0","1293","交付快照"
"src/composables/courseTime.js","领域/状态：courseTime.js","自有","常规","已纳入并检查（方法及运行限制见本行）","full-source-manual-review；imports/initialization/data boundaries/error paths；root AST parse/import scan when present","data_audit","","未另确认缺陷；不等于证明无缺陷","实测覆盖：行100%/分支72.72%；全文审阅不等于所有分支已运行","13aa77363039f5f568ea3610bd80c8101f237ed1125e3eb4a4cb098531efab02","746","交付快照"
"src/composables/dataManagerBackup.js","领域/状态：dataManagerBackup.js","自有","较高（数据/权限/时间/金额/运行边界）","已纳入并检查（方法及运行限制见本行）","full-source-manual-review；imports/initialization/data boundaries/error paths；root AST parse/import scan when present","data_audit","","未另确认缺陷；不等于证明无缺陷","实测覆盖：行85.35%/分支62.35%；全文审阅不等于所有分支已运行","0984defdebec62bf8889826ae05efef50ad9878f7a931e42fc84b470afd2aeaa","20917","交付快照"
"src/composables/dataManagerFeedback.js","领域/状态：dataManagerFeedback.js","自有","常规","已纳入并检查（方法及运行限制见本行）","full-source-manual-review；imports/initialization/data boundaries/error paths；root AST parse/import scan when present","data_audit","","未另确认缺陷；不等于证明无缺陷","实测覆盖：行100%/分支100%；全文审阅不等于所有分支已运行","a25fe035775101b99f55df8441e8d1a816b8f349accf25c944e2b301fc1aa8a4","272","交付快照"
"src/composables/dataManagerInventory.js","领域/状态：dataManagerInventory.js","自有","常规","已纳入并检查（方法及运行限制见本行）","full-source-manual-review；imports/initialization/data boundaries/error paths；root AST parse/import scan when present","data_audit","","未另确认缺陷；不等于证明无缺陷","实测覆盖：行100%/分支92%；全文审阅不等于所有分支已运行","9d588f3a7c8ede29ba7d2aac5f85c55a61b800b4952bdfbbf61ab1a37c95372e","4458","交付快照"
"src/composables/dataVault.js","领域/状态：dataVault.js","自有","高","已纳入并检查（方法及运行限制见本行）","full-source-manual-review；imports/initialization/data boundaries/error paths；root AST parse/import scan when present","data_audit/independent_review","DATA-07","fixed-and-regression-verified","实测覆盖：行61.84%/分支49.73%；全文审阅不等于所有分支已运行","87f50937bb3c5c3cecad3caaebc8fd930255bf37560d050f7ee78e6c8f4b5f66","24450","交付快照"
"src/composables/desktopAppUpdate.js","领域/状态：desktopAppUpdate.js","自有","较高（数据/权限/时间/金额/运行边界）","已纳入并检查（方法及运行限制见本行）","full-source-manual-review；imports/initialization/data boundaries/error paths；root AST parse/import scan when present","data_audit","","未另确认缺陷；不等于证明无缺陷","实测覆盖：行100%/分支71.42%；全文审阅不等于所有分支已运行","5ef4b69f049743916dd90ec29448f718c486c9b85fc2b80ba8461faa38dcabea","2072","交付快照"
"src/composables/deviceIdentity.js","领域/状态：deviceIdentity.js","自有","常规","已纳入并检查（方法及运行限制见本行）","full-source-manual-review；imports/initialization/data boundaries/error paths；root AST parse/import scan when present","data_audit","","未另确认缺陷；不等于证明无缺陷","实测覆盖：行73.07%/分支43.33%；全文审阅不等于所有分支已运行","624e5980c36a404ed29c56856b1b1c5eb1270a3968a50430cc61f0c3fbb3cb11","1838","交付快照"
"src/composables/domain/checklistModel.js","领域/状态：domain","自有","常规","已纳入并检查（方法及运行限制见本行）","full-source-manual-review；imports/initialization/data boundaries/error paths；root AST parse/import scan when present","data_audit","","未另确认缺陷；不等于证明无缺陷","实测覆盖：行100%/分支81.43%；全文审阅不等于所有分支已运行","5445accd0c9aaec6168add5fa46fdfee903ecdd05cf25d24c0db1b86f7ee1e74","9565","交付快照"
"src/composables/domain/commands.js","领域/状态：domain","自有","常规","已纳入并检查（方法及运行限制见本行）","full-source-manual-review；imports/initialization/data boundaries/error paths；root AST parse/import scan when present","data_audit","","未另确认缺陷；不等于证明无缺陷","实测覆盖：行87.22%/分支75.43%；全文审阅不等于所有分支已运行","ab83bc2b5666cb6dc55fc5aa04f2da162537ab4723cc2331f074337003c82143","42747","交付快照"
"src/composables/domain/migrations.js","领域/状态：domain","自有","常规","已纳入并检查（方法及运行限制见本行）","full-source-manual-review；imports/initialization/data boundaries/error paths；root AST parse/import scan when present","data_audit","","未另确认缺陷；不等于证明无缺陷","实测覆盖：行72%/分支50%；全文审阅不等于所有分支已运行","93c96e1e72a6d709c6dfb9c27906d3a71ee6365a957842acd1904a5b232d38a0","1686","交付快照"
"src/composables/domain/relations.js","领域/状态：domain","自有","常规","已纳入并检查（方法及运行限制见本行）","full-source-manual-review；imports/initialization/data boundaries/error paths；root AST parse/import scan when present","data_audit","","未另确认缺陷；不等于证明无缺陷","实测覆盖：行85.71%/分支76.19%；全文审阅不等于所有分支已运行","687c36288109f9a51373aea0529a44811153e9a3db6361da017f4ff012042eca","908","交付快照"
"src/composables/domain/selectors.js","领域/状态：domain","自有","中","已纳入并检查（方法及运行限制见本行）","full-source-manual-review；imports/initialization/data boundaries/error paths；root AST parse/import scan when present","data_audit/independent_review","DATA-09;DATA-10","fixed-and-regression-verified;fixed-and-regression-verified","实测覆盖：行90.36%/分支83.33%；全文审阅不等于所有分支已运行","d3d35a00fbc45804bf676f7e6ac81de4f0ece52b9b9370dc96e0694012e039fc","8264","交付快照"
"src/composables/domain/state.js","领域/状态：domain","自有","常规","已纳入并检查（方法及运行限制见本行）","full-source-manual-review；imports/initialization/data boundaries/error paths；root AST parse/import scan when present","data_audit","","未另确认缺陷；不等于证明无缺陷","实测覆盖：行100%/分支86.76%；全文审阅不等于所有分支已运行","4d5afc93caf9453fc775332e2fadbda7ec6201dcc9f9bcc19a73f7dacd3a03c7","3021","交付快照"
"src/composables/domain/weeklySelectors.js","领域/状态：domain","自有","常规","已纳入并检查（方法及运行限制见本行）","full-source-manual-review；imports/initialization/data boundaries/error paths；root AST parse/import scan when present","data_audit","","未另确认缺陷；不等于证明无缺陷","实测覆盖：行97.91%/分支90.9%；全文审阅不等于所有分支已运行","0ee0ef22212985caaa2346cc5d085655a4ae1c08e77b90915c255ccdefb17166","8388","交付快照"
"src/composables/domainCsvImport.js","领域/状态：domainCsvImport.js","自有","常规","已纳入并检查（方法及运行限制见本行）","full-source-manual-review；imports/initialization/data boundaries/error paths；root AST parse/import scan when present","data_audit","","未另确认缺陷；不等于证明无缺陷","实测覆盖：行88.88%/分支58.77%；全文审阅不等于所有分支已运行","42e5841e91871180cdb02f82ac32d47619d4395a87ba23afb8ec79c3b9ca0b47","10329","交付快照"
"src/composables/drawerDrag.js","领域/状态：drawerDrag.js","自有","常规","已纳入并检查（方法及运行限制见本行）","full-source-manual-review；imports/initialization/data boundaries/error paths；root AST parse/import scan when present","data_audit","","未另确认缺陷；不等于证明无缺陷","实测覆盖：行100%/分支90.58%；全文审阅不等于所有分支已运行","92cdf14dd4706f3af0ef875bc99c458183feb9d885eedbc3b43e737da98569e3","8898","交付快照"
"src/composables/emergencyExport.js","领域/状态：emergencyExport.js","自有","高","已纳入并检查（方法及运行限制见本行）","full-source-manual-review；imports/initialization/data boundaries/error paths；root AST parse/import scan when present","data_audit/independent_review","DATA-06","fixed-and-regression-verified","实测覆盖：行54.16%/分支71.42%；全文审阅不等于所有分支已运行","74f2436bc85f1e52072b8d2e725fdd83e0ee78d3368aab9692bcf0cbacf4227b","3024","交付快照"
"src/composables/events/eventCalendarExport.js","领域/状态：events","自有","常规","已纳入并检查（方法及运行限制见本行）","full-source-manual-review；imports/initialization/data boundaries/error paths；root AST parse/import scan when present","data_audit","","未另确认缺陷；不等于证明无缺陷","实测覆盖：行84.44%/分支76.92%；全文审阅不等于所有分支已运行","b17a5c9a4abe0cc92bbe651388393348699dda35a16e4752bb516f5227e18130","3535","交付快照"
"src/composables/events/eventConflicts.js","领域/状态：events","自有","常规","已纳入并检查（方法及运行限制见本行）","full-source-manual-review；imports/initialization/data boundaries/error paths；root AST parse/import scan when present","data_audit","","未另确认缺陷；不等于证明无缺陷","实测覆盖：行100%/分支87.09%；全文审阅不等于所有分支已运行","7f706cf32274527f028687f7acef39f7da4144a8d6d40aa40a5f407c32cbf87f","1504","交付快照"
"src/composables/events/eventFields.js","领域/状态：events","自有","常规","已纳入并检查（方法及运行限制见本行）","full-source-manual-review；imports/initialization/data boundaries/error paths；root AST parse/import scan when present","data_audit","","未另确认缺陷；不等于证明无缺陷","实测覆盖：行100%/分支97.95%；全文审阅不等于所有分支已运行","d844e7f97c8c1b63bfa44c0b582ddd3f39af8c1173cfe4c1b5c63151a4b307ba","1785","交付快照"
"src/composables/events/eventPlanning.js","领域/状态：events","自有","常规","已纳入并检查（方法及运行限制见本行）","full-source-manual-review；imports/initialization/data boundaries/error paths；root AST parse/import scan when present","data_audit","","未另确认缺陷；不等于证明无缺陷","实测覆盖：行98.48%/分支90.47%；全文审阅不等于所有分支已运行","2895424e598285e63abb07ab46c1c605b6c202ab15893463cacd5054e81cad59","5545","交付快照"
"src/composables/events/useEventEditor.js","领域/状态：events","自有","常规","已纳入并检查（方法及运行限制见本行）","full-source-manual-review；imports/initialization/data boundaries/error paths；root AST parse/import scan when present","data_audit","","未另确认缺陷；不等于证明无缺陷","实测覆盖：行98.5%/分支73.68%；全文审阅不等于所有分支已运行","34000b9dd24d0d67a6488562920d0d5d2617e7b8d3e5eec712bac887c61185ef","6132","交付快照"
"src/composables/excelTimetableParser.js","领域/状态：excelTimetableParser.js","自有","常规","已纳入并检查（方法及运行限制见本行）","full-source-manual-review；imports/initialization/data boundaries/error paths；root AST parse/import scan when present","data_audit","","未另确认缺陷；不等于证明无缺陷","实测覆盖：行97.43%/分支79.31%；全文审阅不等于所有分支已运行","3d7fa90b1944a852e8288bbaf8982831ef108343ee43ac422cf50b9ae7d07c57","5933","交付快照"
"src/composables/experience.js","领域/状态：experience.js","自有","常规","已纳入并检查（方法及运行限制见本行）","full-source-manual-review；imports/initialization/data boundaries/error paths；root AST parse/import scan when present","data_audit","","未另确认缺陷；不等于证明无缺陷","实测覆盖：行95.58%/分支72.56%；全文审阅不等于所有分支已运行","d33c1f7447d9e55588161df531fe5f8977e907c047d08494268809100ed7676b","6668","交付快照"
"src/composables/festive.js","领域/状态：festive.js","自有","常规","已纳入并检查（方法及运行限制见本行）","full-source-manual-review；imports/initialization/data boundaries/error paths；root AST parse/import scan when present","data_audit","","未另确认缺陷；不等于证明无缺陷","实测覆盖：行100%/分支84.26%；全文审阅不等于所有分支已运行","4461b85b6b527f0e3ccc8ade82fda6a9ce829c1182325dcdb12d1e1cb4ab5355","16438","交付快照"
"src/composables/festiveAtmosphere.js","领域/状态：festiveAtmosphere.js","自有","常规","已纳入并检查（方法及运行限制见本行）","full-source-manual-review；imports/initialization/data boundaries/error paths；root AST parse/import scan when present","data_audit","","未另确认缺陷；不等于证明无缺陷","实测覆盖：行100%/分支64.28%；全文审阅不等于所有分支已运行","5e887adb49bbfbcd61c008839086a330d41a7f62aede92e81f508eac18825bfd","2393","交付快照"
"src/composables/floatingStack.js","领域/状态：floatingStack.js","自有","常规","已纳入并检查（方法及运行限制见本行）","full-source-manual-review；imports/initialization/data boundaries/error paths；root AST parse/import scan when present","data_audit","","未另确认缺陷；不等于证明无缺陷","实测覆盖：行100%/分支100%；全文审阅不等于所有分支已运行","9c244966f678601de3457921b68e186bb9e61c991d41a07df37275456d455274","2338","交付快照"
"src/composables/focusNavigation.js","领域/状态：focusNavigation.js","自有","常规","已纳入并检查（方法及运行限制见本行）","full-source-manual-review；imports/initialization/data boundaries/error paths；root AST parse/import scan when present","data_audit","","未另确认缺陷；不等于证明无缺陷","实测覆盖：行95.65%/分支81.25%；全文审阅不等于所有分支已运行","6aea54ef51e1f579b36864f77929c407fec4f645509c953263bc235d09d425af","3503","交付快照"
"src/composables/focusReturn.js","领域/状态：focusReturn.js","自有","常规","已纳入并检查（方法及运行限制见本行）","full-source-manual-review；imports/initialization/data boundaries/error paths；root AST parse/import scan when present","data_audit","","未另确认缺陷；不等于证明无缺陷","实测覆盖：行100%/分支75%；全文审阅不等于所有分支已运行","7782e6cbe70bc3373659ad1819a2a9cd3b45152b95b2bf55c4be021fe1aab7e3","1873","交付快照"
"src/composables/focusSettingsEditor.js","领域/状态：focusSettingsEditor.js","自有","常规","已纳入并检查（方法及运行限制见本行）","full-source-manual-review；imports/initialization/data boundaries/error paths；root AST parse/import scan when present","data_audit","","未另确认缺陷；不等于证明无缺陷","实测覆盖：行100%/分支87.5%；全文审阅不等于所有分支已运行","7f8f7fb905fc7feba325ae0b3319d6637ed8a63f3cd728b6cd8fbfa18627f788","1822","交付快照"
"src/composables/focusTimer.js","领域/状态：focusTimer.js","自有","常规","已纳入并检查（方法及运行限制见本行）","full-source-manual-review；imports/initialization/data boundaries/error paths；root AST parse/import scan when present","data_audit","","未另确认缺陷；不等于证明无缺陷","实测覆盖：行97.87%/分支80.1%；全文审阅不等于所有分支已运行","3ec5ce0ce51fe6bc73f5355563599962ca9b6a00ee393188cc7181d017100f6d","9599","交付快照"
"src/composables/foodRetirement.js","领域/状态：foodRetirement.js","自有","常规","已纳入并检查（方法及运行限制见本行）","full-source-manual-review；imports/initialization/data boundaries/error paths；root AST parse/import scan when present","data_audit","","未另确认缺陷；不等于证明无缺陷","实测覆盖：行91.83%/分支78%；全文审阅不等于所有分支已运行","fb447f45d59ad8ed2785bc282e7c9f1b70623939ab13a2943a87c7c1e2d37575","4266","交付快照"
"src/composables/globalError.js","领域/状态：globalError.js","自有","常规","已纳入并检查（方法及运行限制见本行）","full-source-manual-review；imports/initialization/data boundaries/error paths；root AST parse/import scan when present","data_audit","","未另确认缺陷；不等于证明无缺陷","实测覆盖：行87.5%/分支52.77%；全文审阅不等于所有分支已运行","6d39619f16cdea95f4c3359920c533374a228832156926cebc406dfeb0111917","3682","交付快照"
"src/composables/globalSearch.js","领域/状态：globalSearch.js","自有","常规","已纳入并检查（方法及运行限制见本行）","full-source-manual-review；imports/initialization/data boundaries/error paths；root AST parse/import scan when present","data_audit","","未另确认缺陷；不等于证明无缺陷","实测覆盖：行100%/分支100%；全文审阅不等于所有分支已运行","60cf0bc34e99ca725883647edae98729dd440ce6eb1b2e95cb65905b5f7bca45","828","交付快照"
"src/composables/home/nextUp.js","领域/状态：home","自有","中","已纳入并检查（方法及运行限制见本行）","full-source-manual-review；imports/initialization/data boundaries/error paths；root AST parse/import scan when present","data_audit/independent_review","DATA-12","fixed-and-regression-verified","实测覆盖：行95.23%/分支70.76%；全文审阅不等于所有分支已运行","7d9b7bc1fc049a2e21ba9b5516cd2f273cb6e9bc841b58b96d0c5f0e5ec4c7e5","4375","交付快照"
"src/composables/homeModules.js","领域/状态：homeModules.js","自有","常规","已纳入并检查（方法及运行限制见本行）","full-source-manual-review；imports/initialization/data boundaries/error paths；root AST parse/import scan when present","data_audit","","未另确认缺陷；不等于证明无缺陷","实测覆盖：行100%/分支100%；全文审阅不等于所有分支已运行","3af340bf6ebc970e3bef07e8727515542cc576f234c0b0ba954261b0deb31ef3","1650","交付快照"
"src/composables/icalImport.js","领域/状态：icalImport.js","自有","常规","已纳入并检查（方法及运行限制见本行）","full-source-manual-review；imports/initialization/data boundaries/error paths；root AST parse/import scan when present","data_audit","","未另确认缺陷；不等于证明无缺陷","实测覆盖：行80.4%/分支70.5%；全文审阅不等于所有分支已运行","2fe885fb9c7cf63404517f264432c082f1d66ac6661617d85a41cea06a64209a","9392","交付快照"
"src/composables/imageCropSizing.js","领域/状态：imageCropSizing.js","自有","常规","已纳入并检查（方法及运行限制见本行）","full-source-manual-review；imports/initialization/data boundaries/error paths；root AST parse/import scan when present","data_audit","","未另确认缺陷；不等于证明无缺陷","实测覆盖：行100%/分支63.63%；全文审阅不等于所有分支已运行","76f8585acf56b341d90d46b6a5037662b7edd133dfca9f116ee958263d85d5d5","746","交付快照"
"src/composables/intlFormatters.js","领域/状态：intlFormatters.js","自有","常规","已纳入并检查（方法及运行限制见本行）","full-source-manual-review；imports/initialization/data boundaries/error paths；root AST parse/import scan when present","data_audit","","未另确认缺陷；不等于证明无缺陷","实测覆盖：行100%/分支81.25%；全文审阅不等于所有分支已运行","2b99cfc45194469f628726fe5f36737ca086d8fd5dd717a55d19d7a7a94d5b5a","1291","交付快照"
"src/composables/latestTask.js","领域/状态：latestTask.js","自有","常规","已纳入并检查（方法及运行限制见本行）","full-source-manual-review；imports/initialization/data boundaries/error paths；root AST parse/import scan when present","data_audit","","未另确认缺陷；不等于证明无缺陷","实测覆盖：行100%/分支77.77%；全文审阅不等于所有分支已运行","1057d32a124ac0631ffe057f6feb067602db26ce0ccc8c9a96748e6f291dd3ac","1218","交付快照"
"src/composables/learningFocus.js","领域/状态：learningFocus.js","自有","常规","已纳入并检查（方法及运行限制见本行）","full-source-manual-review；imports/initialization/data boundaries/error paths；root AST parse/import scan when present","data_audit","","未另确认缺陷；不等于证明无缺陷","实测覆盖：行100%/分支66.66%；全文审阅不等于所有分支已运行","ecab0ddf4aa6142168d3f571dc2a9c01293ee3687a4c97d968be3c2066f6dd77","316","交付快照"
"src/composables/learningPlan.js","领域/状态：learningPlan.js","自有","常规","已纳入并检查（方法及运行限制见本行）","full-source-manual-review；imports/initialization/data boundaries/error paths；root AST parse/import scan when present","data_audit","","未另确认缺陷；不等于证明无缺陷","实测覆盖：行100%/分支88.96%；全文审阅不等于所有分支已运行","beda9b8de90229c9214ed5b70022a4854a6b5d9140b4e318253e34a2fec8281c","7776","交付快照"
"src/composables/ledger.js","领域/状态：ledger.js","自有","较高（数据/权限/时间/金额/运行边界）","已纳入并检查（方法及运行限制见本行）","full-source-manual-review；imports/initialization/data boundaries/error paths；root AST parse/import scan when present","data_audit","","未另确认缺陷；不等于证明无缺陷","实测覆盖：行95.83%/分支80.08%；全文审阅不等于所有分支已运行","ce4e679aafdf25ee53bfad80822b39533b372fba1cfb78c0776ecd05f5aa0274","28836","交付快照"
"src/composables/ledgerBillImport.js","领域/状态：ledgerBillImport.js","自有","较高（数据/权限/时间/金额/运行边界）","已纳入并检查（方法及运行限制见本行）","full-source-manual-review；imports/initialization/data boundaries/error paths；root AST parse/import scan when present","data_audit","","未另确认缺陷；不等于证明无缺陷","实测覆盖：行97.14%/分支82.19%；全文审阅不等于所有分支已运行","847d59bfb270fa1f5e4e76cfe80b6c13377bd3ba375e7b80a98ca7d2dbb17a58","16793","交付快照"
"src/composables/ledgerBudget.js","领域/状态：ledgerBudget.js","自有","较高（数据/权限/时间/金额/运行边界）","已纳入并检查（方法及运行限制见本行）","full-source-manual-review；imports/initialization/data boundaries/error paths；root AST parse/import scan when present","data_audit","","未另确认缺陷；不等于证明无缺陷","实测覆盖：行100%/分支93.81%；全文审阅不等于所有分支已运行","0784b7dd4c32a7751e847d17a10973716300ded44b383811c1fe5aaf71e3ccc1","11475","交付快照"
"src/composables/ledgerCategories.js","领域/状态：ledgerCategories.js","自有","较高（数据/权限/时间/金额/运行边界）","已纳入并检查（方法及运行限制见本行）","full-source-manual-review；imports/initialization/data boundaries/error paths；root AST parse/import scan when present","data_audit","","未另确认缺陷；不等于证明无缺陷","实测覆盖：行91.17%/分支72.07%；全文审阅不等于所有分支已运行","1b6946b8ba5814a6d874b4831dc21a23ff163993d3e08df84679d953364f75ff","16946","交付快照"
"src/composables/ledgerFx.js","领域/状态：ledgerFx.js","自有","较高（数据/权限/时间/金额/运行边界）","已纳入并检查（方法及运行限制见本行）","full-source-manual-review；imports/initialization/data boundaries/error paths；root AST parse/import scan when present","data_audit","","未另确认缺陷；不等于证明无缺陷","实测覆盖：行98.09%/分支86.57%；全文审阅不等于所有分支已运行","260b3dacd004214da95da2c3aecc909c075bf0792931f179e8f3331a27655017","16020","交付快照"
"src/composables/ledgerRelations.js","领域/状态：ledgerRelations.js","自有","较高（数据/权限/时间/金额/运行边界）","已纳入并检查（方法及运行限制见本行）","full-source-manual-review；imports/initialization/data boundaries/error paths；root AST parse/import scan when present","data_audit","","未另确认缺陷；不等于证明无缺陷","实测覆盖：行100%/分支93.33%；全文审阅不等于所有分支已运行","bfc1cfbcc13753d18bba708686551f3f676c565731f1e6d82f606309981be0d0","704","交付快照"
"src/composables/ledgerSplit.js","领域/状态：ledgerSplit.js","自有","较高（数据/权限/时间/金额/运行边界）","已纳入并检查（方法及运行限制见本行）","full-source-manual-review；imports/initialization/data boundaries/error paths；root AST parse/import scan when present","data_audit","","未另确认缺陷；不等于证明无缺陷","实测覆盖：行97.87%/分支91.46%；全文审阅不等于所有分支已运行","a368355cbea3c711695ca6cb146d72e23d9c06890a21c16c2ff0488a88f4d20a","9943","交付快照"
"src/composables/ledgerSwipe.js","领域/状态：ledgerSwipe.js","自有","较高（数据/权限/时间/金额/运行边界）","已纳入并检查（方法及运行限制见本行）","full-source-manual-review；imports/initialization/data boundaries/error paths；root AST parse/import scan when present","data_audit","","未另确认缺陷；不等于证明无缺陷","实测覆盖：行100%/分支66.66%；全文审阅不等于所有分支已运行","b3d5e8179f3262f78e8b3abf9fb8d06fc932587e2660f3090e38ee8dce7239d7","712","交付快照"
"src/composables/ledgerTemplates.js","领域/状态：ledgerTemplates.js","自有","较高（数据/权限/时间/金额/运行边界）","已纳入并检查（方法及运行限制见本行）","full-source-manual-review；imports/initialization/data boundaries/error paths；root AST parse/import scan when present","data_audit","","未另确认缺陷；不等于证明无缺陷","实测覆盖：行100%/分支90.9%；全文审阅不等于所有分支已运行","91248317cff2effb1fc4f577f2f6e693f5163477848523bc665869d9e91e03c6","4438","交付快照"
"src/composables/ledgerView/bills.js","领域/状态：ledgerView","自有","较高（数据/权限/时间/金额/运行边界）","已纳入并检查（方法及运行限制见本行）","full-source-manual-review；imports/initialization/data boundaries/error paths；root AST parse/import scan when present","data_audit","","未另确认缺陷；不等于证明无缺陷","实测覆盖：行60.37%/分支48.78%；全文审阅不等于所有分支已运行","d9d95e1fb0dabfe821c7b52b8809d2770546448827c591ca10fc8f9b3f6170bc","4766","交付快照"
"src/composables/ledgerView/export.js","领域/状态：ledgerView","自有","较高（数据/权限/时间/金额/运行边界）","已纳入并检查（方法及运行限制见本行）","full-source-manual-review；imports/initialization/data boundaries/error paths；root AST parse/import scan when present","data_audit","","未另确认缺陷；不等于证明无缺陷","实测覆盖：行95.65%/分支70.68%；全文审阅不等于所有分支已运行","35c8adde1cb89066cab7e70d6f4806cc9d54e333a9b722695ee1873d657cf572","16379","交付快照"
"src/composables/ledgerView/feed.js","领域/状态：ledgerView","自有","较高（数据/权限/时间/金额/运行边界）","已纳入并检查（方法及运行限制见本行）","full-source-manual-review；imports/initialization/data boundaries/error paths；root AST parse/import scan when present","data_audit","","未另确认缺陷；不等于证明无缺陷","实测覆盖：行100%/分支86.86%；全文审阅不等于所有分支已运行","89cd02949e3f4b214fed3de67a7f01f50c5bd2f4ce217c8a82015ce238bc77b4","11620","交付快照"
"src/composables/ledgerView/review.js","领域/状态：ledgerView","自有","较高（数据/权限/时间/金额/运行边界）","已纳入并检查（方法及运行限制见本行）","full-source-manual-review；imports/initialization/data boundaries/error paths；root AST parse/import scan when present","data_audit","","未另确认缺陷；不等于证明无缺陷","实测覆盖：行98.31%/分支72.61%；全文审阅不等于所有分支已运行","c7c91dcfbef363e7cba3807fdcf33d7f20331037a60454659b80ce3dc17041b3","13431","交付快照"
"src/composables/ledgerView/spendStats.js","领域/状态：ledgerView","自有","较高（数据/权限/时间/金额/运行边界）","已纳入并检查（方法及运行限制见本行）","full-source-manual-review；imports/initialization/data boundaries/error paths；root AST parse/import scan when present","data_audit","","未另确认缺陷；不等于证明无缺陷","实测覆盖：行100%/分支79.72%；全文审阅不等于所有分支已运行","454854e386309a4b02c3233f0f3284e0adab114a867b26f36c701c754e1805ee","8756","交付快照"
"src/composables/ledgerView/useLedgerCategoryManager.js","领域/状态：ledgerView","自有","较高（数据/权限/时间/金额/运行边界）","已纳入并检查（方法及运行限制见本行）","full-source-manual-review；imports/initialization/data boundaries/error paths；root AST parse/import scan when present","data_audit","","未另确认缺陷；不等于证明无缺陷","实测覆盖：行71.42%/分支43.69%；全文审阅不等于所有分支已运行","ce46464d37e412ef8d47518b621e4a3062bed34da9af5fe9af66461dc0a75928","10306","交付快照"
"src/composables/ledgerView/useLedgerFxBudget.js","领域/状态：ledgerView","自有","较高（数据/权限/时间/金额/运行边界）","已纳入并检查（方法及运行限制见本行）","full-source-manual-review；imports/initialization/data boundaries/error paths；root AST parse/import scan when present","data_audit","","未另确认缺陷；不等于证明无缺陷","实测覆盖：行100%/分支100%；全文审阅不等于所有分支已运行","419fc871f3fbbd2a2f5edea0648abc7169e35e8cc75f50a7e1d7b167c1efef2e","3232","交付快照"
"src/composables/ledgerView/useQuickEntryForm.js","领域/状态：ledgerView","自有","较高（数据/权限/时间/金额/运行边界）","已纳入并检查（方法及运行限制见本行）","full-source-manual-review；imports/initialization/data boundaries/error paths；root AST parse/import scan when present","data_audit","","未另确认缺陷；不等于证明无缺陷","实测覆盖：行84.31%/分支67.08%；全文审阅不等于所有分支已运行","3c44c7ab949294d3fa5a2658756ee7405f1c1d8013a38f88d5a26fe4e61bbf18","18356","交付快照"
"src/composables/ledgerView/useTransactionDetail.js","领域/状态：ledgerView","自有","较高（数据/权限/时间/金额/运行边界）","已纳入并检查（方法及运行限制见本行）","full-source-manual-review；imports/initialization/data boundaries/error paths；root AST parse/import scan when present","data_audit","","未另确认缺陷；不等于证明无缺陷","实测覆盖：行42.68%/分支30.3%；全文审阅不等于所有分支已运行","6a8a49a34f91bb974832afb016edf699a5d0358f0d1aaf05c94f26d152e46a99","13412","交付快照"
"src/composables/liveRegion.js","领域/状态：liveRegion.js","自有","常规","已纳入并检查（方法及运行限制见本行）","full-source-manual-review；imports/initialization/data boundaries/error paths；root AST parse/import scan when present","data_audit","","未另确认缺陷；不等于证明无缺陷","实测覆盖：行100%/分支92.85%；全文审阅不等于所有分支已运行","05b5a249cab0d6ee1ecd93c25e02dfaba91d126823589f383d140324ba6c05dd","3200","交付快照"
"src/composables/localSafeMode.js","领域/状态：localSafeMode.js","自有","常规","已纳入并检查（方法及运行限制见本行）","full-source-manual-review；imports/initialization/data boundaries/error paths；root AST parse/import scan when present","data_audit","","未另确认缺陷；不等于证明无缺陷","实测覆盖：行100%/分支100%；全文审阅不等于所有分支已运行","a08dde846dbd1976f44f85efafc2dcb391e34bb1a0e094249d29f040d4b0272b","325","交付快照"
"src/composables/localStorageUsage.js","领域/状态：localStorageUsage.js","自有","常规","已纳入并检查（方法及运行限制见本行）","full-source-manual-review；imports/initialization/data boundaries/error paths；root AST parse/import scan when present","data_audit","","未另确认缺陷；不等于证明无缺陷","实测覆盖：行100%/分支80%；全文审阅不等于所有分支已运行","2e90330fc1594be26391bdd0335617c667d56f1fdc9c0081a034b00361834047","669","交付快照"
"src/composables/longPress.js","领域/状态：longPress.js","自有","常规","已纳入并检查（方法及运行限制见本行）","full-source-manual-review；imports/initialization/data boundaries/error paths；root AST parse/import scan when present","data_audit","","未另确认缺陷；不等于证明无缺陷","实测覆盖：行100%/分支77.77%；全文审阅不等于所有分支已运行","ebc46fdc534558b7e7b2f5e606e021c67ef1f4bcf5fb153242ed3b76af6faa91","2434","交付快照"
"src/composables/lunar.js","领域/状态：lunar.js","自有","常规","已纳入并检查（方法及运行限制见本行）","full-source-manual-review；imports/initialization/data boundaries/error paths；root AST parse/import scan when present","data_audit","","未另确认缺陷；不等于证明无缺陷","实测覆盖：行98.41%/分支92.42%；全文审阅不等于所有分支已运行","4f0875aa62e1490271980e34967072f0f1478dab956eee725adad3f6246798a9","14014","交付快照"
"src/composables/lunarAnniversaries.js","领域/状态：lunarAnniversaries.js","自有","常规","已纳入并检查（方法及运行限制见本行）","full-source-manual-review；imports/initialization/data boundaries/error paths；root AST parse/import scan when present","data_audit","","未另确认缺陷；不等于证明无缺陷","实测覆盖：行95.16%/分支91.91%；全文审阅不等于所有分支已运行","ea1b2dd8272f6a0ea3639b1d8a0c0248cb7654144560b4162448189033f3eb59","18732","交付快照"
"src/composables/lunarAnniversaryEditor.js","领域/状态：lunarAnniversaryEditor.js","自有","常规","已纳入并检查（方法及运行限制见本行）","full-source-manual-review；imports/initialization/data boundaries/error paths；root AST parse/import scan when present","data_audit","","未另确认缺陷；不等于证明无缺陷","实测覆盖：行100%/分支73.07%；全文审阅不等于所有分支已运行","fe6289aead2e97ff3e956c24e89046f3de84cb3990b54924254d29c52e63159e","3769","交付快照"
"src/composables/menuPlacement.js","领域/状态：menuPlacement.js","自有","常规","已纳入并检查（方法及运行限制见本行）","full-source-manual-review；imports/initialization/data boundaries/error paths；root AST parse/import scan when present","data_audit","","未另确认缺陷；不等于证明无缺陷","实测覆盖：行100%/分支82.35%；全文审阅不等于所有分支已运行","c214fb7bf48c8f5ad6a7d09047f586aaab59f2b07b7e03b37e66772b15b33d65","1927","交付快照"
"src/composables/modalSections.js","领域/状态：modalSections.js","自有","常规","已纳入并检查（方法及运行限制见本行）","full-source-manual-review；imports/initialization/data boundaries/error paths；root AST parse/import scan when present","data_audit","","未另确认缺陷；不等于证明无缺陷","实测覆盖：行100%/分支100%；全文审阅不等于所有分支已运行","0e35e27f4ddd30ce837b7c0fcab3412984ec3c539e456304c3f210569f067418","396","交付快照"
"src/composables/monthlyTrendChart.js","领域/状态：monthlyTrendChart.js","自有","常规","已纳入并检查（方法及运行限制见本行）","full-source-manual-review；imports/initialization/data boundaries/error paths；root AST parse/import scan when present","data_audit","","未另确认缺陷；不等于证明无缺陷","实测覆盖：行100%/分支90.62%；全文审阅不等于所有分支已运行","3a4bb4ec01b2dbde79a7a67a18d9f1c63729988b6f850402294b3a5e93b366d2","3905","交付快照"
"src/composables/mood.js","领域/状态：mood.js","自有","常规","已纳入并检查（方法及运行限制见本行）","full-source-manual-review；imports/initialization/data boundaries/error paths；root AST parse/import scan when present","data_audit","","未另确认缺陷；不等于证明无缺陷","实测覆盖：行98.24%/分支86.95%；全文审阅不等于所有分支已运行","7fe375853fca60172f684c9c89bb205bcd880101e02873d3cac182cbf34dbff3","4695","交付快照"
"src/composables/motion.js","领域/状态：motion.js","自有","常规","已纳入并检查（方法及运行限制见本行）","full-source-manual-review；imports/initialization/data boundaries/error paths；root AST parse/import scan when present","data_audit","","未另确认缺陷；不等于证明无缺陷","实测覆盖：行98.14%/分支79.16%；全文审阅不等于所有分支已运行","8f8e7fbadcab5c08a2524324f212f2985a29a494fc694381c3888bc23a8fcb8b","5360","交付快照"
"src/composables/narrative.js","领域/状态：narrative.js","自有","常规","已纳入并检查（方法及运行限制见本行）","full-source-manual-review；imports/initialization/data boundaries/error paths；root AST parse/import scan when present","data_audit","","未另确认缺陷；不等于证明无缺陷","实测覆盖：行100%/分支100%；全文审阅不等于所有分支已运行","0237addf6fde596b0f3c90f30e34147329a2d9d51ef7ac9282ad2064df21cb9e","4799","交付快照"
"src/composables/navigationEditor.js","领域/状态：navigationEditor.js","自有","常规","已纳入并检查（方法及运行限制见本行）","full-source-manual-review；imports/initialization/data boundaries/error paths；root AST parse/import scan when present","data_audit","","未另确认缺陷；不等于证明无缺陷","实测覆盖：行92.63%/分支79.87%；全文审阅不等于所有分支已运行","d514ea00826081efa8ed2f18f8d59cadeaf4a0116fed1bb29ca9b3d8108d2acd","12673","交付快照"
"src/composables/navigationPreferences.js","领域/状态：navigationPreferences.js","自有","常规","已纳入并检查（方法及运行限制见本行）","full-source-manual-review；imports/initialization/data boundaries/error paths；root AST parse/import scan when present","data_audit","","未另确认缺陷；不等于证明无缺陷","实测覆盖：行98.75%/分支80.45%；全文审阅不等于所有分支已运行","b81ece6a2ac5583e2e7c10378fbf0d26c3d5fc341eed0355984d5fc3324ccba2","6480","交付快照"
"src/composables/navigationViewModel.js","领域/状态：navigationViewModel.js","自有","常规","已纳入并检查（方法及运行限制见本行）","full-source-manual-review；imports/initialization/data boundaries/error paths；root AST parse/import scan when present","data_audit","","未另确认缺陷；不等于证明无缺陷","实测覆盖：行94.44%/分支100%；全文审阅不等于所有分支已运行","e1ab26e83b546825759350be19f179aa901a5bb21a1a37529f27ce9afe6e7638","2788","交付快照"
"src/composables/noticeParser.js","领域/状态：noticeParser.js","自有","常规","已纳入并检查（方法及运行限制见本行）","full-source-manual-review；imports/initialization/data boundaries/error paths；root AST parse/import scan when present","data_audit","","未另确认缺陷；不等于证明无缺陷","实测覆盖：行96.76%/分支82%；全文审阅不等于所有分支已运行","4c629fc5ce9e0e11d578f08fa94c4d5424890eaeed694ee45faf6abc8b96e326","30918","交付快照"
"src/composables/noticeSegments.js","领域/状态：noticeSegments.js","自有","常规","已纳入并检查（方法及运行限制见本行）","full-source-manual-review；imports/initialization/data boundaries/error paths；root AST parse/import scan when present","data_audit","","未另确认缺陷；不等于证明无缺陷","实测覆盖：行100%/分支96.34%；全文审阅不等于所有分支已运行","220f734e4151df183f8a17b32ca1315475205dd022ca2257952c3fe0f0ac98b0","20044","交付快照"
"src/composables/ocrPipeline.js","领域/状态：ocrPipeline.js","自有","常规","已纳入并检查（方法及运行限制见本行）","full-source-manual-review；imports/initialization/data boundaries/error paths；root AST parse/import scan when present","data_audit","","未另确认缺陷；不等于证明无缺陷","实测覆盖：行44.18%/分支31.31%；全文审阅不等于所有分支已运行","d65e57b3820eb847cc00f596358183beeb4e5fe0cdbd67e86a342ff4bdbab281","34121","交付快照"
"src/composables/ocrService.js","领域/状态：ocrService.js","自有","常规","已纳入并检查（方法及运行限制见本行）","full-source-manual-review；imports/initialization/data boundaries/error paths；root AST parse/import scan when present","data_audit","","未另确认缺陷；不等于证明无缺陷","静态检查、相关运行时回归或构建；每文件百分比未测出时不伪造","a20edab0c2c4c5fba565c44b5cb450aca289ab681ea99579c4b90803b0726aa7","630","交付快照"
"src/composables/ocrVocabulary.js","领域/状态：ocrVocabulary.js","自有","常规","已纳入并检查（方法及运行限制见本行）","full-source-manual-review；imports/initialization/data boundaries/error paths；root AST parse/import scan when present","data_audit","","未另确认缺陷；不等于证明无缺陷","实测覆盖：行100%/分支68.85%；全文审阅不等于所有分支已运行","29e965eb69a0d6ed6159497e437961c5cf9f6d59ab46101492863c36bb015036","3640","交付快照"
"src/composables/overlayStack.js","领域/状态：overlayStack.js","自有","常规","已纳入并检查（方法及运行限制见本行）","full-source-manual-review；imports/initialization/data boundaries/error paths；root AST parse/import scan when present","data_audit","","未另确认缺陷；不等于证明无缺陷","实测覆盖：行66.98%/分支56.98%；全文审阅不等于所有分支已运行","543c4dc6e3fa23781cc9d811c321842072f36dc94df3315c644d051945b03491","9343","交付快照"
"src/composables/pendingFieldEdits.js","领域/状态：pendingFieldEdits.js","自有","常规","已纳入并检查（方法及运行限制见本行）","full-source-manual-review；imports/initialization/data boundaries/error paths；root AST parse/import scan when present","data_audit/independent_review","","未另确认缺陷；不等于证明无缺陷","实测覆盖：行100%/分支94.44%；全文审阅不等于所有分支已运行","d43d520f0a349dd8e7f169be2f75a8d5cc0f5c180819bf61416675a0e50fe164","2537","交付快照"
"src/composables/performanceMode.js","领域/状态：performanceMode.js","自有","常规","已纳入并检查（方法及运行限制见本行）","full-source-manual-review；imports/initialization/data boundaries/error paths；root AST parse/import scan when present","data_audit","","未另确认缺陷；不等于证明无缺陷","实测覆盖：行100%/分支85.29%；全文审阅不等于所有分支已运行","2f334c00afe97591f77884d820e2115e28362e5955ec2bd0ed4bddc3c4d06bd2","2073","交付快照"
"src/composables/planningViews.js","领域/状态：planningViews.js","自有","常规","已纳入并检查（方法及运行限制见本行）","full-source-manual-review；imports/initialization/data boundaries/error paths；root AST parse/import scan when present","data_audit","","未另确认缺陷；不等于证明无缺陷","实测覆盖：行98.03%/分支82.92%；全文审阅不等于所有分支已运行","c462c03fcf659a0eb3b1654b0090871861bf2d9263a21b20570c9aec9b40460f","4753","交付快照"
"src/composables/projectMeetingBridge.js","领域/状态：projectMeetingBridge.js","自有","较高（数据/权限/时间/金额/运行边界）","已纳入并检查（方法及运行限制见本行）","full-source-manual-review；imports/initialization/data boundaries/error paths；root AST parse/import scan when present","data_audit/independent_review","","未另确认缺陷；不等于证明无缺陷","实测覆盖：行100%/分支82.69%；全文审阅不等于所有分支已运行","88beb9e6ee9ee4ac14e903cb6a015a3e0f04c643c741ba7c9d1dfffc51063f94","5181","交付快照"
"src/composables/projectTaskBridge.js","领域/状态：projectTaskBridge.js","自有","高","已纳入并检查（方法及运行限制见本行）","full-source-manual-review；imports/initialization/data boundaries/error paths；root AST parse/import scan when present","data_audit/independent_review","DATA-08","fixed-and-regression-verified","实测覆盖：行85.5%/分支67.68%；全文审阅不等于所有分支已运行","cbb3f013c2b70418947d20ff4878a3cfbab9e6a4a281613ba4ad4b8169077abc","9910","交付快照"
"src/composables/projects/projectEditorScope.js","领域/状态：projects","自有","较高（数据/权限/时间/金额/运行边界）","已纳入并检查（方法及运行限制见本行）","complete-source-read-and-relevant-regressions-inspected","root/independent_review","","未另确认缺陷；不等于证明无缺陷","实测覆盖：行100%/分支100%；全文审阅不等于所有分支已运行","3cebb8860b8fefe2874e518b7238a4cbc3471f8005230bcfe9a63e1d4259afba","444","交付快照"
"src/composables/projects/projectRequestScope.js","领域/状态：projects","自有","较高（数据/权限/时间/金额/运行边界）","已纳入并检查（方法及运行限制见本行）","Full source: request payload admission; project/account capture; late success/error cancellation; external invite/restore exceptions.；Read-only review of externally added module","data_audit/independent_review","","未另确认缺陷；不等于证明无缺陷","实测覆盖：行100%/分支100%；全文审阅不等于所有分支已运行","442f428704f7ae7b34c28df7cd313c7078539ef62da072f9b0f6578b90b2373c","1006","原领域审阅后源码有更新；独立补读/最终差异及全库验证见TEST_REPORT"
"src/composables/projects/projectTaskCheckpoints.js","领域/状态：projects","自有","较高（数据/权限/时间/金额/运行边界）","已纳入并检查（方法及运行限制见本行）","full-source-manual-review；imports/initialization/data boundaries/error paths；root AST parse/import scan when present","data_audit","","未另确认缺陷；不等于证明无缺陷","实测覆盖：行81.81%/分支28.57%；全文审阅不等于所有分支已运行","f8811b69784ba0849db7123cb850338017133d07de6c15b9404e8d0f9d68e406","1334","交付快照"
"src/composables/projects/projectTaskSelectors.js","领域/状态：projects","自有","较高（数据/权限/时间/金额/运行边界）","已纳入并检查（方法及运行限制见本行）","full-source-manual-review；imports/initialization/data boundaries/error paths；root AST parse/import scan when present","data_audit/independent_review","","未另确认缺陷；不等于证明无缺陷","实测覆盖：行98.61%/分支83.94%；全文审阅不等于所有分支已运行","bf3dc9ef692c9172eac819a902e2181a36d4ac4aa2e36caef4077cee5cd17e50","6220","原领域审阅后源码有更新；独立补读/最终差异及全库验证见TEST_REPORT"
"src/composables/projects/taskEventLabel.js","领域/状态：projects","自有","较高（数据/权限/时间/金额/运行边界）","已纳入并检查（方法及运行限制见本行）","full-source-manual-review；imports/initialization/data boundaries/error paths；root AST parse/import scan when present","data_audit","","未另确认缺陷；不等于证明无缺陷","实测覆盖：行0%/分支0%；全文审阅不等于所有分支已运行","4700f04dd25f4acfbcf52aa9a79fc26b52485656216eb41451d229467f15fa43","978","交付快照"
"src/composables/projects/useProjectDeliverableEditor.js","领域/状态：projects","自有","较高（数据/权限/时间/金额/运行边界）","已纳入并检查（方法及运行限制见本行）","Full source: copied drafts, dialog generation, upload response guards, revision save-before-submit, owner-scoped persistent retry identity, reset caller on owner/project change.；Read-only review of externally added module","data_audit/independent_review","","未另确认缺陷；不等于证明无缺陷","实测覆盖：行97.66%/分支79.75%；全文审阅不等于所有分支已运行","b2792ddc462083c6dcc7cf02488e36408e78729b56cef0c26e0d7bdd44ebebb1","10955","原领域审阅后源码有更新；独立补读/最终差异及全库验证见TEST_REPORT"
"src/composables/projects/useProjectMeetings.js","领域/状态：projects","自有","较高（数据/权限/时间/金额/运行边界）","已纳入并检查（方法及运行限制见本行）","Full source: collaboration-context state/request lifecycle; parallel availability fetch; zoned wall time validation; create/respond await guards; invitation display predicates.；Read-only review of externally added module","data_audit/independent_review","","未另确认缺陷；不等于证明无缺陷","实测覆盖：行70.66%/分支45.45%；全文审阅不等于所有分支已运行","54de9b055e56b0871a49a26d7775f57c25405cc37717c40ddc1c60a4fc8dadc8","7334","原领域审阅后源码有更新；独立补读/最终差异及全库验证见TEST_REPORT"
"src/composables/projects/useProjectTaskActions.js","领域/状态：projects","自有","较高（数据/权限/时间/金额/运行边界）","已纳入并检查（方法及运行限制见本行）","complete-source-read-and-relevant-regressions-inspected","root/independent_review","IR-011","resolved-source-and-runtime-verified","实测覆盖：行100%/分支50%；全文审阅不等于所有分支已运行","428650e128673c9b814ed54ce392e81941816feda75813f545fa70f5d24a8639","685","交付快照"
"src/composables/projects/useProjectTaskWorkbench.js","领域/状态：projects","自有","高","已纳入并检查（方法及运行限制见本行）","full-source-manual-review；imports/initialization/data boundaries/error paths；root AST parse/import scan when present","data_audit/independent_review","DATA-11;DATA-22;DATA-23;IR-005;IR-005;IR-006","fixed-and-regression-verified;fixed-and-regression-verified;fixed-and-regression-verified;resolved-source-and-runtime-verified;resolved-source-and-runtime-verified;resolved-source-and-runtime-verified","实测覆盖：行96.72%/分支86.17%；全文审阅不等于所有分支已运行","31c7324a7ae1c3c9d115ad96330d6ed3f7d93138bd5122bc2ed60df8ba669768","5677","原领域审阅后源码有更新；独立补读/最终差异及全库验证见TEST_REPORT"
"src/composables/pwaStartupRecovery.js","领域/状态：pwaStartupRecovery.js","自有","常规","已纳入并检查（方法及运行限制见本行）","full-source-manual-review；imports/initialization/data boundaries/error paths；root AST parse/import scan when present","data_audit","","未另确认缺陷；不等于证明无缺陷","实测覆盖：行72.72%/分支66.66%；全文审阅不等于所有分支已运行","2f8bd49203246343c7d79d84385fb9e2f7d6f950611dfb1320ec278a26b3c25a","4647","交付快照"
"src/composables/quickCapture.js","领域/状态：quickCapture.js","自有","常规","已纳入并检查（方法及运行限制见本行）","full-source-manual-review；imports/initialization/data boundaries/error paths；root AST parse/import scan when present","data_audit","","未另确认缺陷；不等于证明无缺陷","实测覆盖：行77.77%/分支81.25%；全文审阅不等于所有分支已运行","54ede1807e3364cdf80a1f938f7326c0fbda2070ca61db4b3975174307bcffb1","2440","交付快照"
"src/composables/quickRecord/adapters.js","领域/状态：quickRecord","自有","常规","已纳入并检查（方法及运行限制见本行）","full-source-manual-review；imports/initialization/data boundaries/error paths；root AST parse/import scan when present","data_audit","","未另确认缺陷；不等于证明无缺陷","实测覆盖：行95.45%/分支87.5%；全文审阅不等于所有分支已运行","78fd494cd689f40e2f5d195a95752b50af783c835ed4073902e8cea3c4285348","2559","交付快照"
"src/composables/quickRecord/contracts.ts","领域/状态：quickRecord","自有","常规","已纳入并检查（方法及运行限制见本行）","full-source-manual-review；imports/initialization/data boundaries/error paths；root AST parse/import scan when present","data_audit","","未另确认缺陷；不等于证明无缺陷","静态检查、相关运行时回归或构建；每文件百分比未测出时不伪造","9964eed947c4601c7cb07faf34b4e238173c0a6a57df15959ff9580a2229a25a","1149","交付快照"
"src/composables/quickRecord/draftStorage.js","领域/状态：quickRecord","自有","常规","已纳入并检查（方法及运行限制见本行）","full-source-manual-review；imports/initialization/data boundaries/error paths；root AST parse/import scan when present","data_audit","","未另确认缺陷；不等于证明无缺陷","实测覆盖：行100%/分支85.71%；全文审阅不等于所有分支已运行","6dc3f73255fd0e8d73207e7cf0038fd2eb1b6df091f1a17d1166070b6ba2c712","1652","交付快照"
"src/composables/quickRecord/entities.js","领域/状态：quickRecord","自有","常规","已纳入并检查（方法及运行限制见本行）","full-source-manual-review；imports/initialization/data boundaries/error paths；root AST parse/import scan when present","data_audit","","未另确认缺陷；不等于证明无缺陷","实测覆盖：行92.3%/分支68.29%；全文审阅不等于所有分支已运行","1d22c936ec4ae3a28cb2283447ae02a150cdad7581d14acb8f6b20a850b44338","9983","交付快照"
"src/composables/quickRecord/parser.js","领域/状态：quickRecord","自有","常规","已纳入并检查（方法及运行限制见本行）","full-source-manual-review；imports/initialization/data boundaries/error paths；root AST parse/import scan when present","data_audit","","未另确认缺陷；不等于证明无缺陷","实测覆盖：行98.42%/分支87.2%；全文审阅不等于所有分支已运行","c878a814c730d74d5c74859104dcc8d24b3e92ebb6e5c6b348ba3069402bb553","13072","交付快照"
"src/composables/quickRecord/types.js","领域/状态：quickRecord","自有","常规","已纳入并检查（方法及运行限制见本行）","full-source-manual-review；imports/initialization/data boundaries/error paths；root AST parse/import scan when present","data_audit","","未另确认缺陷；不等于证明无缺陷","实测覆盖：行100%/分支50%；全文审阅不等于所有分支已运行","897550b8499d443523c30479c50d09698923ac1afbd410479ec41e4fb46be563","1812","交付快照"
"src/composables/quickRecord/workflow.js","领域/状态：quickRecord","自有","常规","已纳入并检查（方法及运行限制见本行）","full-source-manual-review；imports/initialization/data boundaries/error paths；root AST parse/import scan when present","data_audit","","未另确认缺陷；不等于证明无缺陷","实测覆盖：行93.54%/分支84.61%；全文审阅不等于所有分支已运行","bd91ce27fff79efd4ad60c220bcb70b5a170b73a2f58bc0f3ed7c1008ee0bf1d","2732","交付快照"
"src/composables/recognitionSchemes.js","领域/状态：recognitionSchemes.js","自有","高","已纳入并检查（方法及运行限制见本行）","full-source-manual-review；imports/initialization/data boundaries/error paths；root AST parse/import scan when present","data_audit/independent_review","DATA-17;DATA-24;DATA-25;IR-007","fixed-and-regression-verified;fixed-and-regression-verified;fixed-and-regression-verified;resolved-source-and-runtime-verified","实测覆盖：行35.77%/分支19%；全文审阅不等于所有分支已运行","b7ee7c86e92ba8bdd35bf0bf7ac3d2d3961f034244b1d439bf119e3d0629db5f","8606","交付快照"
"src/composables/releaseNotes.js","领域/状态：releaseNotes.js","自有","常规","已纳入并检查（方法及运行限制见本行）","full-source-manual-review；imports/initialization/data boundaries/error paths；root AST parse/import scan when present","data_audit","","未另确认缺陷；不等于证明无缺陷","实测覆盖：行96.15%/分支77.77%；全文审阅不等于所有分支已运行","fab3b52a09cf5b7653e491b6d8a2e94767dded86e32c564bf6de76cb6fbebbe5","2319","交付快照"
"src/composables/reminderScheduler.js","领域/状态：reminderScheduler.js","自有","常规","已纳入并检查（方法及运行限制见本行）","full-source-manual-review；imports/initialization/data boundaries/error paths；root AST parse/import scan when present","data_audit","","未另确认缺陷；不等于证明无缺陷","实测覆盖：行90.97%/分支76.07%；全文审阅不等于所有分支已运行","35b7af81e80393789b9dd8983fc6010441c810eb33747d57428145b9656a5034","13306","交付快照"
"src/composables/retireLegacySyncState.js","领域/状态：retireLegacySyncState.js","自有","常规","已纳入并检查（方法及运行限制见本行）","full-source-manual-review；imports/initialization/data boundaries/error paths；root AST parse/import scan when present","data_audit","","未另确认缺陷；不等于证明无缺陷","实测覆盖：行100%/分支56.52%；全文审阅不等于所有分支已运行","b57d34fd713cb7932eaa80c1e6d7775782904b83879afe31054dd105c78088e5","1693","交付快照"
"src/composables/retiredData.js","领域/状态：retiredData.js","自有","常规","已纳入并检查（方法及运行限制见本行）","full-source-manual-review；imports/initialization/data boundaries/error paths；root AST parse/import scan when present","data_audit","","未另确认缺陷；不等于证明无缺陷","实测覆盖：行78.57%/分支60%；全文审阅不等于所有分支已运行","d38f90072f27fa7aeb1fefceb8b44acf833e6c7837d68350199078d1f87d90b6","1268","交付快照"
"src/composables/retrospective.js","领域/状态：retrospective.js","自有","中","已纳入并检查（方法及运行限制见本行）","full-source-manual-review；imports/initialization/data boundaries/error paths；root AST parse/import scan when present","data_audit/independent_review","DATA-13;DATA-16","fixed-and-regression-verified;fixed-and-regression-verified","实测覆盖：行97.7%/分支71.21%；全文审阅不等于所有分支已运行","7ab170603bbfe108252b4a78d307d47bd62b32910b29f206ac7396f578ce2a41","11851","交付快照"
"src/composables/reviewCharts.js","领域/状态：reviewCharts.js","自有","常规","已纳入并检查（方法及运行限制见本行）","full-source-manual-review；imports/initialization/data boundaries/error paths；root AST parse/import scan when present","data_audit","","未另确认缺陷；不等于证明无缺陷","实测覆盖：行98.83%/分支86.81%；全文审阅不等于所有分支已运行","144e98a5838315bf195d9926b3a99f1ae2e2d8ace1722c8766b4634757ae869a","23821","交付快照"
"src/composables/routeState.js","领域/状态：routeState.js","自有","常规","已纳入并检查（方法及运行限制见本行）","full-source-manual-review；imports/initialization/data boundaries/error paths；root AST parse/import scan when present","data_audit","","未另确认缺陷；不等于证明无缺陷","实测覆盖：行100%/分支100%；全文审阅不等于所有分支已运行","ecff123df6bb3758a2de88c798a10d2a649e61ae4a09eebfb97889a65f279f7f","157","交付快照"
"src/composables/schedule/useScheduleGrid.js","领域/状态：schedule","自有","较高（数据/权限/时间/金额/运行边界）","已纳入并检查（方法及运行限制见本行）","full-source-manual-review；imports/initialization/data boundaries/error paths；root AST parse/import scan when present","data_audit","","未另确认缺陷；不等于证明无缺陷","实测覆盖：行94.73%/分支54.54%；全文审阅不等于所有分支已运行","ac3d9587eea09056ddaa3f35308555c14438181697e5b0bbc4571afab993adfb","2835","交付快照"
"src/composables/scheduleBatchText.js","领域/状态：scheduleBatchText.js","自有","较高（数据/权限/时间/金额/运行边界）","已纳入并检查（方法及运行限制见本行）","full-source-manual-review；imports/initialization/data boundaries/error paths；root AST parse/import scan when present","data_audit","","未另确认缺陷；不等于证明无缺陷","实测覆盖：行19.58%/分支6.06%；全文审阅不等于所有分支已运行","528b03df8bb8a8a2244866c7b9364df96c57d15c411d4b59c93618480de374ab","7371","交付快照"
"src/composables/scheduleCampusSeason.js","领域/状态：scheduleCampusSeason.js","自有","较高（数据/权限/时间/金额/运行边界）","已纳入并检查（方法及运行限制见本行）","full-source-manual-review；imports/initialization/data boundaries/error paths；root AST parse/import scan when present","data_audit","","未另确认缺陷；不等于证明无缺陷","实测覆盖：行58.82%/分支23.33%；全文审阅不等于所有分支已运行","ff8db87daf42cbdaea17dd7f77f04ebca1b5c311213496d1ec894045afc72e7d","3915","交付快照"
"src/composables/scheduleCourseForm.js","领域/状态：scheduleCourseForm.js","自有","较高（数据/权限/时间/金额/运行边界）","已纳入并检查（方法及运行限制见本行）","full-source-manual-review；imports/initialization/data boundaries/error paths；root AST parse/import scan when present","data_audit","","未另确认缺陷；不等于证明无缺陷","实测覆盖：行48.52%/分支28.3%；全文审阅不等于所有分支已运行","8c60422f8eed7164129eafb5970c75556db9f51319c3f9b1277d6cc9cd5fd184","5004","交付快照"
"src/composables/scheduleCourseManager.js","领域/状态：scheduleCourseManager.js","自有","较高（数据/权限/时间/金额/运行边界）","已纳入并检查（方法及运行限制见本行）","full-source-manual-review；imports/initialization/data boundaries/error paths；root AST parse/import scan when present","data_audit","","未另确认缺陷；不等于证明无缺陷","实测覆盖：行18.18%/分支0%；全文审阅不等于所有分支已运行","e689c9b45f1fb118440e71c12ff2721bb4d1a40dadf80d18436ffb2c3138b4b3","5052","交付快照"
"src/composables/scheduleFocusRoute.js","领域/状态：scheduleFocusRoute.js","自有","较高（数据/权限/时间/金额/运行边界）","已纳入并检查（方法及运行限制见本行）","full-source-manual-review；imports/initialization/data boundaries/error paths；root AST parse/import scan when present","data_audit","","未另确认缺陷；不等于证明无缺陷","实测覆盖：行53.57%/分支14.28%；全文审阅不等于所有分支已运行","aa5f1c9ad09882badb40c177044eb114cadda3e1fa0d8e2fdc471ac576bc90c5","2220","交付快照"
"src/composables/scheduleImportReview.js","领域/状态：scheduleImportReview.js","自有","高","已纳入并检查（方法及运行限制见本行）","full-source-manual-review；imports/initialization/data boundaries/error paths；root AST parse/import scan when present","data_audit/independent_review","DATA-18;DATA-19;DATA-21","fixed-and-regression-verified;fixed-and-regression-verified;fixed-and-regression-verified","实测覆盖：行76.69%/分支61.36%；全文审阅不等于所有分支已运行","4bb727614ebaa0196c9b459c027e670b33a9e8d22e2e6fd77c981912235cf6f4","10272","交付快照"
"src/composables/scheduleOcrFlow.js","领域/状态：scheduleOcrFlow.js","自有","较高（数据/权限/时间/金额/运行边界）","已纳入并检查（方法及运行限制见本行）","full-source-manual-review；imports/initialization/data boundaries/error paths；root AST parse/import scan when present","data_audit/independent_review","DATA-17","fixed-and-regression-verified","实测覆盖：行51.42%/分支16.84%；全文审阅不等于所有分支已运行","3b44e81009eef50129938c2913a2cc381bf093aaede6fbdf122e6c61032428af","10150","交付快照"
"src/composables/scheduleOcrImport.js","领域/状态：scheduleOcrImport.js","自有","较高（数据/权限/时间/金额/运行边界）","已纳入并检查（方法及运行限制见本行）","full-source-manual-review；imports/initialization/data boundaries/error paths；root AST parse/import scan when present","data_audit/independent_review","DATA-17","fixed-and-regression-verified","实测覆盖：行66.66%/分支35.94%；全文审阅不等于所有分支已运行","157abe7b8441f0b404b47a75b487a7d6d2543e0b52ad30a8c7c021c0f33cb716","16829","交付快照"
"src/composables/scheduleOcrParser.js","领域/状态：scheduleOcrParser.js","自有","较高（数据/权限/时间/金额/运行边界）","已纳入并检查（方法及运行限制见本行）","full-source-manual-review；imports/initialization/data boundaries/error paths；root AST parse/import scan when present","data_audit","","未另确认缺陷；不等于证明无缺陷","实测覆盖：行97.08%/分支80.15%；全文审阅不等于所有分支已运行","1723c68c9f797cb22a319707ceabae12df68fdf1261d3c9f36a866822bbd2ffd","24850","交付快照"
"src/composables/scheduleRecognition.js","领域/状态：scheduleRecognition.js","自有","较高（数据/权限/时间/金额/运行边界）","已纳入并检查（方法及运行限制见本行）","full-source-manual-review；imports/initialization/data boundaries/error paths；root AST parse/import scan when present","data_audit/independent_review","DATA-15","fixed-and-regression-verified","实测覆盖：行89.04%/分支66.75%；全文审阅不等于所有分支已运行","186f5f295b1de00e1d0be9cef2482c8a0472e27d33628c4af1f2b38f45201119","25115","交付快照"
"src/composables/searchRelevance.js","领域/状态：searchRelevance.js","自有","常规","已纳入并检查（方法及运行限制见本行）","full-source-manual-review；imports/initialization/data boundaries/error paths；root AST parse/import scan when present","data_audit","","未另确认缺陷；不等于证明无缺陷","实测覆盖：行95.45%/分支79.16%；全文审阅不等于所有分支已运行","989691c46c46fbffcb4540b5b1c9a15595fb2d0e88974ad66e3a945067eb3d62","7213","交付快照"
"src/composables/settingsPolicy.js","领域/状态：settingsPolicy.js","自有","常规","已纳入并检查（方法及运行限制见本行）","full-source-manual-review；imports/initialization/data boundaries/error paths；root AST parse/import scan when present","data_audit","","未另确认缺陷；不等于证明无缺陷","实测覆盖：行100%/分支90.21%；全文审阅不等于所有分支已运行","c9be60647561193d8d2cf526fc73d67a3de19176762c02cfac111ac9ce3ce2dc","7960","交付快照"
"src/composables/sheetDrag.js","领域/状态：sheetDrag.js","自有","常规","已纳入并检查（方法及运行限制见本行）","full-source-manual-review；imports/initialization/data boundaries/error paths；root AST parse/import scan when present","data_audit","","未另确认缺陷；不等于证明无缺陷","实测覆盖：行100%/分支89.28%；全文审阅不等于所有分支已运行","a08b207e2923fc8b67ef303b7376faede147f013cfacf925a9d1d3c0de913359","4243","交付快照"
"src/composables/smartClassify.js","领域/状态：smartClassify.js","自有","常规","已纳入并检查（方法及运行限制见本行）","full-source-manual-review；imports/initialization/data boundaries/error paths；root AST parse/import scan when present","data_audit","","未另确认缺陷；不等于证明无缺陷","实测覆盖：行100%/分支83.87%；全文审阅不等于所有分支已运行","04a1aa68303b9479179c7bd8ab0ea573d8da0c1427643ef93a37e2fceaeb0ad4","5281","交付快照"
"src/composables/startupData.js","领域/状态：startupData.js","自有","常规","已纳入并检查（方法及运行限制见本行）","full-source-manual-review；imports/initialization/data boundaries/error paths；root AST parse/import scan when present","data_audit","","未另确认缺陷；不等于证明无缺陷","静态检查、相关运行时回归或构建；每文件百分比未测出时不伪造","eda50b47e184f7b26d746f3bb2727ffd71d593e30fec85d7adffee2decb138fd","1864","交付快照"
"src/composables/startupDiagnostics.js","领域/状态：startupDiagnostics.js","自有","常规","已纳入并检查（方法及运行限制见本行）","full-source-manual-review；imports/initialization/data boundaries/error paths；root AST parse/import scan when present","data_audit","","未另确认缺陷；不等于证明无缺陷","实测覆盖：行34.37%/分支21.62%；全文审阅不等于所有分支已运行","9cbc12bd938d25c86cd0d4c64850c24f624236cf3b269d7245bcf4dc88ac96e6","2569","交付快照"
"src/composables/startupGate.js","领域/状态：startupGate.js","自有","常规","已纳入并检查（方法及运行限制见本行）","full-source-manual-review；imports/initialization/data boundaries/error paths；root AST parse/import scan when present","data_audit","","未另确认缺陷；不等于证明无缺陷","实测覆盖：行100%/分支88.88%；全文审阅不等于所有分支已运行","6d451fdaf98707f9c0790aef4c712f86ce2da28c7907a93155dabfb6d55cc297","1714","交付快照"
"src/composables/startupStatus.js","领域/状态：startupStatus.js","自有","常规","已纳入并检查（方法及运行限制见本行）","full-source-manual-review；imports/initialization/data boundaries/error paths；root AST parse/import scan when present","data_audit","","未另确认缺陷；不等于证明无缺陷","实测覆盖：行100%/分支90%；全文审阅不等于所有分支已运行","def5483aa454b784168cc64d58dc2e77cc82640e5de7ca033377d420131e6eaf","1246","交付快照"
"src/composables/store/cloudAccess.js","领域/状态：store","自有","常规","已纳入并检查（方法及运行限制见本行）","full-source-manual-review；imports/initialization/data boundaries/error paths；root AST parse/import scan when present","data_audit","","未另确认缺陷；不等于证明无缺陷","实测覆盖：行100%/分支100%；全文审阅不等于所有分支已运行","e8f80783dac30e988870155eb3abaf078be59f325e5d66082589485d853e4c88","301","交付快照"
"src/composables/store/core.js","领域/状态：store","自有","高","已纳入并检查（方法及运行限制见本行）","full-source-manual-review；imports/initialization/data boundaries/error paths；root AST parse/import scan when present","data_audit/independent_review","DATA-01;DATA-02;DATA-03;DATA-04","fixed-and-regression-verified;fixed-and-regression-verified;fixed-and-regression-verified;fixed-and-regression-verified","实测覆盖：行87.05%/分支78.85%；全文审阅不等于所有分支已运行","00f160b649e9ccfbdf11f4af73d2093ee217e71a77f6b33aa83b2225bcb68118","28705","交付快照"
"src/composables/store/countdown.js","领域/状态：store","自有","常规","已纳入并检查（方法及运行限制见本行）","full-source-manual-review；imports/initialization/data boundaries/error paths；root AST parse/import scan when present","data_audit","","未另确认缺陷；不等于证明无缺陷","实测覆盖：行86.27%/分支87.5%；全文审阅不等于所有分支已运行","76c78d1d7556c0090173da677404d77c158cb22f13327d834eb8fa827fc0d082","4429","交付快照"
"src/composables/store/index.js","领域/状态：store","自有","常规","已纳入并检查（方法及运行限制见本行）","full-source-manual-review；imports/initialization/data boundaries/error paths；root AST parse/import scan when present","data_audit","","未另确认缺陷；不等于证明无缺陷","实测覆盖：行100%/分支100%；全文审阅不等于所有分支已运行","29a93fbb2669b7a61398e17186bbca3d482257263293470c8441edb1b54bb703","145","交付快照"
"src/composables/store/schedule.js","领域/状态：store","自有","较高（数据/权限/时间/金额/运行边界）","已纳入并检查（方法及运行限制见本行）","full-source-manual-review；imports/initialization/data boundaries/error paths；root AST parse/import scan when present","data_audit","","未另确认缺陷；不等于证明无缺陷","实测覆盖：行100%/分支90.26%；全文审阅不等于所有分支已运行","9db9a238b4b5f3e5532f7afc18de4f4502a88754331a192232580e2d3314d19c","15865","交付快照"
"src/composables/store/timeConfig.js","领域/状态：store","自有","常规","已纳入并检查（方法及运行限制见本行）","full-source-manual-review；imports/initialization/data boundaries/error paths；root AST parse/import scan when present","data_audit","","未另确认缺陷；不等于证明无缺陷","实测覆盖：行63.54%/分支54.22%；全文审阅不等于所有分支已运行","377060bc8f77132743afac45dd5a942f74e240d809052f46ad044dad7a11d5a7","14043","交付快照"
"src/composables/store/utils.js","领域/状态：store","自有","常规","已纳入并检查（方法及运行限制见本行）","full-source-manual-review；imports/initialization/data boundaries/error paths；root AST parse/import scan when present","data_audit","","未另确认缺陷；不等于证明无缺陷","实测覆盖：行80%/分支63.15%；全文审阅不等于所有分支已运行","8a0694828d4ce5c6d00e601f67cd12fa30f1cbc56bab77384f0ebce600ad36ea","3803","交付快照"
"src/composables/studyBlockSuggestions.js","领域/状态：studyBlockSuggestions.js","自有","常规","已纳入并检查（方法及运行限制见本行）","full-source-manual-review；imports/initialization/data boundaries/error paths；root AST parse/import scan when present","data_audit","","未另确认缺陷；不等于证明无缺陷","实测覆盖：行100%/分支89.89%；全文审阅不等于所有分支已运行","7336525720cc3b79719d86ebb38e1a5fa4c912096aed969bb970b4a992a9130a","5141","交付快照"
"src/composables/syncIntegrity.js","领域/状态：syncIntegrity.js","自有","较高（数据/权限/时间/金额/运行边界）","已纳入并检查（方法及运行限制见本行）","full-source-manual-review；imports/initialization/data boundaries/error paths；root AST parse/import scan when present","data_audit","","未另确认缺陷；不等于证明无缺陷","实测覆盖：行82.05%/分支73.52%；全文审阅不等于所有分支已运行","36a1c351b5c2280cd40670d38dcd4c4fe88bcf496c02542663fda92f882b063b","3373","交付快照"
"src/composables/syncKeys.js","领域/状态：syncKeys.js","自有","较高（数据/权限/时间/金额/运行边界）","已纳入并检查（方法及运行限制见本行）","full-source-manual-review；imports/initialization/data boundaries/error paths；root AST parse/import scan when present","data_audit","","未另确认缺陷；不等于证明无缺陷","实测覆盖：行100%/分支100%；全文审阅不等于所有分支已运行","63a04745400158e52a49c3cb0827040e1581a60a2e1182f854fca56716ab1164","2928","交付快照"
"src/composables/syncMerge.js","领域/状态：syncMerge.js","自有","较高（数据/权限/时间/金额/运行边界）","已纳入并检查（方法及运行限制见本行）","full-source-manual-review；imports/initialization/data boundaries/error paths；root AST parse/import scan when present","data_audit","","未另确认缺陷；不等于证明无缺陷","实测覆盖：行86.95%/分支81.16%；全文审阅不等于所有分支已运行","56d8f7d893c0818e56ca7a1f49dbb7abfb3b58dd25deff41abf5c93e9f09326e","11379","交付快照"
"src/composables/syncMetadata.js","领域/状态：syncMetadata.js","自有","较高（数据/权限/时间/金额/运行边界）","已纳入并检查（方法及运行限制见本行）","full-source-manual-review；imports/initialization/data boundaries/error paths；root AST parse/import scan when present","data_audit","","未另确认缺陷；不等于证明无缺陷","实测覆盖：行96.87%/分支81.81%；全文审阅不等于所有分支已运行","e18fafcd5f5b5bde7e0eb0a2dd51cfca72975303347054468b0f55ca342d1681","11631","交付快照"
"src/composables/tabKeys.js","领域/状态：tabKeys.js","自有","常规","已纳入并检查（方法及运行限制见本行）","full-source-manual-review；imports/initialization/data boundaries/error paths；root AST parse/import scan when present","data_audit","","未另确认缺陷；不等于证明无缺陷","实测覆盖：行100%/分支87.5%；全文审阅不等于所有分支已运行","3ba756bba62f4bbcdb9c7f122f9c4b2cd62f9487819641dc31ca0544b56285fe","2976","交付快照"
"src/composables/taskCenter.js","领域/状态：taskCenter.js","自有","常规","已纳入并检查（方法及运行限制见本行）","full-source-manual-review；imports/initialization/data boundaries/error paths；root AST parse/import scan when present","data_audit","","未另确认缺陷；不等于证明无缺陷","实测覆盖：行98.95%/分支90.29%；全文审阅不等于所有分支已运行","db885a4feb277e1657bceb1c52414a681a4b87f30aa03d44bfc2d898ea0ea623","8387","交付快照"
"src/composables/taskProgress.js","领域/状态：taskProgress.js","自有","常规","已纳入并检查（方法及运行限制见本行）","full-source-manual-review；imports/initialization/data boundaries/error paths；root AST parse/import scan when present","data_audit","","未另确认缺陷；不等于证明无缺陷","实测覆盖：行100%/分支91.66%；全文审阅不等于所有分支已运行","d72a8aac0ab31c755d5b5d85a3307a837517946c1e1b5ba8efbd8d4ac5c86198","6327","交付快照"
"src/composables/taskRecurrence.js","领域/状态：taskRecurrence.js","自有","常规","已纳入并检查（方法及运行限制见本行）","full-source-manual-review；imports/initialization/data boundaries/error paths；root AST parse/import scan when present","data_audit","","未另确认缺陷；不等于证明无缺陷","实测覆盖：行100%/分支95.4%；全文审阅不等于所有分支已运行","5fc7c57e2544bbcfdf1902bcd671ae2d93adbd1eddda5f54c93405853d2c294b","8818","交付快照"
"src/composables/taskViews.js","领域/状态：taskViews.js","自有","常规","已纳入并检查（方法及运行限制见本行）","full-source-manual-review；imports/initialization/data boundaries/error paths；root AST parse/import scan when present","data_audit","","未另确认缺陷；不等于证明无缺陷","实测覆盖：行93.15%/分支64.15%；全文审阅不等于所有分支已运行","99e904dfba129c2b6fb0bde32c90ece111384c18b95daa84838b1964dc4fe300","7801","交付快照"
"src/composables/tasks/taskRepeatCommand.js","领域/状态：tasks","自有","常规","已纳入并检查（方法及运行限制见本行）","full-source-manual-review；imports/initialization/data boundaries/error paths；root AST parse/import scan when present","data_audit","","未另确认缺陷；不等于证明无缺陷","实测覆盖：行100%/分支83.63%；全文审阅不等于所有分支已运行","de6538d69cb005362880aee6d0908c739589cf40488220560839e982ae7890c1","2807","交付快照"
"src/composables/tasks/taskTimeFields.ts","领域/状态：tasks","自有","常规","已纳入并检查（方法及运行限制见本行）","full-source-manual-review；imports/initialization/data boundaries/error paths；root AST parse/import scan when present","data_audit","","未另确认缺陷；不等于证明无缺陷","实测覆盖：行100%/分支80%；全文审阅不等于所有分支已运行","0136c1cd0ec4dc8a3ce41982119e8fbfa044544494aea1e866abc9cf51f5c142","2665","交付快照"
"src/composables/tasks/taskTimePlan.ts","领域/状态：tasks","自有","常规","已纳入并检查（方法及运行限制见本行）","full-source-manual-review；imports/initialization/data boundaries/error paths；root AST parse/import scan when present","data_audit","","未另确认缺陷；不等于证明无缺陷","实测覆盖：行100%/分支88.02%；全文审阅不等于所有分支已运行","6d6eb74d9a58af97df5240b217785b26b29909fadce07b37bb0fe1880e02cd85","14116","交付快照"
"src/composables/tasks/taskTimeShift.ts","领域/状态：tasks","自有","常规","已纳入并检查（方法及运行限制见本行）","full-source-manual-review；imports/initialization/data boundaries/error paths；root AST parse/import scan when present","data_audit","","未另确认缺陷；不等于证明无缺陷","实测覆盖：行97.36%/分支88.23%；全文审阅不等于所有分支已运行","3ad1105bb9f97709c59d3b69275634b390c4eee5f5a366ca8020acd85e66d269","7650","交付快照"
"src/composables/tasks/taskWorkProgress.js","领域/状态：tasks","自有","常规","已纳入并检查（方法及运行限制见本行）","full-source-manual-review；imports/initialization/data boundaries/error paths；root AST parse/import scan when present","data_audit","","未另确认缺陷；不等于证明无缺陷","实测覆盖：行100%/分支90.32%；全文审阅不等于所有分支已运行","cd7e1ea6bf6bb3251d56a2051d13c137d0a0d58d493edab2feb77c501f1391d8","3010","交付快照"
"src/composables/tasks/useTaskEditor.js","领域/状态：tasks","自有","常规","已纳入并检查（方法及运行限制见本行）","full-source-manual-review；imports/initialization/data boundaries/error paths；root AST parse/import scan when present","data_audit","","未另确认缺陷；不等于证明无缺陷","实测覆盖：行86.95%/分支87.76%；全文审阅不等于所有分支已运行","30073797f90607d5a2153de96ffd4399d4832c36c6cef8c9089d2c193d02d7d0","10657","交付快照"
"src/composables/tasks/useTaskStageActions.ts","领域/状态：tasks","自有","常规","已纳入并检查（方法及运行限制见本行）","full-source-manual-review；imports/initialization/data boundaries/error paths；root AST parse/import scan when present","data_audit","","未另确认缺陷；不等于证明无缺陷","实测覆盖：行86.48%/分支61.4%；全文审阅不等于所有分支已运行","eee0b999fe42195f5c0eccd311df6f98de272fe0df49a7902470d55fab5f2611","4481","交付快照"
"src/composables/tasks/useTaskWorkSession.js","领域/状态：tasks","自有","常规","已纳入并检查（方法及运行限制见本行）","full-source-manual-review；imports/initialization/data boundaries/error paths；root AST parse/import scan when present","data_audit","","未另确认缺陷；不等于证明无缺陷","实测覆盖：行100%/分支80.55%；全文审阅不等于所有分支已运行","8791ec5aa2a3f4404e3375075a37f484022bbc704c66c213b5df7f5881d2d293","2979","交付快照"
"src/composables/theme.js","领域/状态：theme.js","自有","常规","已纳入并检查（方法及运行限制见本行）","full-source-manual-review；imports/initialization/data boundaries/error paths；root AST parse/import scan when present","data_audit","","未另确认缺陷；不等于证明无缺陷","实测覆盖：行59.13%/分支64.81%；全文审阅不等于所有分支已运行","7860f28794880e2b7b28fd708266e8be540a5cdd859a65801ddda9e3024e935e","12320","交付快照"
"src/composables/timeContext.js","领域/状态：timeContext.js","自有","常规","已纳入并检查（方法及运行限制见本行）","full-source-manual-review；imports/initialization/data boundaries/error paths；root AST parse/import scan when present","data_audit","","未另确认缺陷；不等于证明无缺陷","实测覆盖：行96.42%/分支78.78%；全文审阅不等于所有分支已运行","6be63b1c0ae9a72c0b671fe696504097929a246ad8eecedce03c2333715249c2","3235","交付快照"
"src/composables/timeGenerate.js","领域/状态：timeGenerate.js","自有","常规","已纳入并检查（方法及运行限制见本行）","full-source-manual-review；imports/initialization/data boundaries/error paths；root AST parse/import scan when present","data_audit","","未另确认缺陷；不等于证明无缺陷","实测覆盖：行65.45%/分支44.23%；全文审阅不等于所有分支已运行","4c9aff2871b50980f9cdce95706e9cec9b3cfea784d191cb9bd7119d12be2d57","3927","交付快照"
"src/composables/timeImportPlan.js","领域/状态：timeImportPlan.js","自有","高","已纳入并检查（方法及运行限制见本行）","full-source-manual-review；imports/initialization/data boundaries/error paths；root AST parse/import scan when present","data_audit/independent_review","DATA-19;DATA-20;DATA-21","fixed-and-regression-verified;fixed-and-regression-verified;fixed-and-regression-verified","实测覆盖：行93.7%/分支77.46%；全文审阅不等于所有分支已运行","28b7c0944c24e727b6cc29d4daf9339e0ce1dce926136d6a8675a3bbc6c9d466","11037","交付快照"
"src/composables/timePlanDraft.js","领域/状态：timePlanDraft.js","自有","中","已纳入并检查（方法及运行限制见本行）","full-source-manual-review；imports/initialization/data boundaries/error paths；root AST parse/import scan when present","data_audit/independent_review","DATA-15","fixed-and-regression-verified","实测覆盖：行63.55%/分支52%；全文审阅不等于所有分支已运行","31b5c4695b5d49fd04660fadf0ecbefb9e78ccb0df51d2845061f2aabba63e16","10205","交付快照"
"src/composables/timePlanTools.js","领域/状态：timePlanTools.js","自有","常规","已纳入并检查（方法及运行限制见本行）","full-source-manual-review；imports/initialization/data boundaries/error paths；root AST parse/import scan when present","data_audit","","未另确认缺陷；不等于证明无缺陷","实测覆盖：行72%/分支50%；全文审阅不等于所有分支已运行","0882bac2258ea6867d3f0c8a781770085ff0cc9e846f7cbe80e17f2000561efc","3783","交付快照"
"src/composables/timeSettingsShared.js","领域/状态：timeSettingsShared.js","自有","常规","已纳入并检查（方法及运行限制见本行）","full-source-manual-review；imports/initialization/data boundaries/error paths；root AST parse/import scan when present","data_audit","","未另确认缺陷；不等于证明无缺陷","实测覆盖：行100%/分支100%；全文审阅不等于所有分支已运行","74bc03f6c81b20018332e54daac9a3fd92a78ec449cf193def28b5f9374182dc","1752","交付快照"
"src/composables/timetableLayoutParser.js","领域/状态：timetableLayoutParser.js","自有","常规","已纳入并检查（方法及运行限制见本行）","full-source-manual-review；imports/initialization/data boundaries/error paths；root AST parse/import scan when present","data_audit","","未另确认缺陷；不等于证明无缺陷","实测覆盖：行98.67%/分支79.48%；全文审阅不等于所有分支已运行","66265821aafd14340e45f67e5b748cc3ec9dae040aaab91dd1f9079ffeacad7f","23919","交付快照"
"src/composables/useDebouncedRef.js","领域/状态：useDebouncedRef.js","自有","常规","已纳入并检查（方法及运行限制见本行）","full-source-manual-review；imports/initialization/data boundaries/error paths；root AST parse/import scan when present","data_audit","","未另确认缺陷；不等于证明无缺陷","实测覆盖：行88.23%/分支75%；全文审阅不等于所有分支已运行","3a476fe61f2bd4f8123318e1b3f9691425bc5f90d5569a1935fc1a0e2887698d","2183","交付快照"
"src/composables/useQuickRecordPanel.js","领域/状态：useQuickRecordPanel.js","自有","常规","已纳入并检查（方法及运行限制见本行）","full-source-manual-review；imports/initialization/data boundaries/error paths；root AST parse/import scan when present","data_audit","","未另确认缺陷；不等于证明无缺陷","实测覆盖：行75.06%/分支56.46%；全文审阅不等于所有分支已运行","9e173f8e290fb3d8079503773c8cf4527eebbc6ad3a544a691e25fa7fd1b418a","27998","交付快照"
"src/composables/useShareText.js","领域/状态：useShareText.js","自有","常规","已纳入并检查（方法及运行限制见本行）","full-source-manual-review；imports/initialization/data boundaries/error paths；root AST parse/import scan when present","data_audit","","未另确认缺陷；不等于证明无缺陷","实测覆盖：行3.22%/分支0%；全文审阅不等于所有分支已运行","58d79a83a7ac599f195d092b37b6ff38fa4e864eeb5c44bed73ab393cc9313f6","2120","交付快照"
"src/composables/useToastQueue.js","领域/状态：useToastQueue.js","自有","常规","已纳入并检查（方法及运行限制见本行）","full-source-manual-review；imports/initialization/data boundaries/error paths；root AST parse/import scan when present","data_audit","","未另确认缺陷；不等于证明无缺陷","实测覆盖：行100%/分支83.33%；全文审阅不等于所有分支已运行","d0dfdcb0275916d3a8db21dd7a7b3557f7630e8bcd7d05b4de8cd94f842b7c6b","1255","交付快照"
"src/composables/viewScrollMemory.js","领域/状态：viewScrollMemory.js","自有","常规","已纳入并检查（方法及运行限制见本行）","full-source-manual-review；imports/initialization/data boundaries/error paths；root AST parse/import scan when present","data_audit","","未另确认缺陷；不等于证明无缺陷","实测覆盖：行100%/分支96.77%；全文审阅不等于所有分支已运行","3cb1f3b4caf0536a1d3a60b41dd8851bc3dc1e93156e09699bc31fa774466e70","2187","交付快照"
"src/composables/voiceInput.js","领域/状态：voiceInput.js","自有","常规","已纳入并检查（方法及运行限制见本行）","full-source-manual-review；imports/initialization/data boundaries/error paths；root AST parse/import scan when present","data_audit","","未另确认缺陷；不等于证明无缺陷","实测覆盖：行86.17%/分支66.66%；全文审阅不等于所有分支已运行","b9c257c6fe50b62cfbc251fcb535d234367ac5a162004053dd03802b0e592450","7183","交付快照"
"src/composables/wallpaperStorage.js","领域/状态：wallpaperStorage.js","自有","中","已纳入并检查（方法及运行限制见本行）","full-source-manual-review；imports/initialization/data boundaries/error paths；root AST parse/import scan when present","data_audit/independent_review","DATA-14","fixed-and-regression-verified","实测覆盖：行14.7%/分支0%；全文审阅不等于所有分支已运行","fd478c16701bdca05afe523fbe13a7573ff720a6b9694112df4e4dfe87e8b2ce","13735","交付快照"
"src/composables/wheelPicker.js","领域/状态：wheelPicker.js","自有","常规","已纳入并检查（方法及运行限制见本行）","full-source-manual-review；imports/initialization/data boundaries/error paths；root AST parse/import scan when present","data_audit","","未另确认缺陷；不等于证明无缺陷","实测覆盖：行100%/分支82%；全文审阅不等于所有分支已运行","7c3f982cebdf17a581e2e79e9950a639617c52001309adc7e0bb28352a65ada6","3804","交付快照"
"src/composables/zonedTime.js","领域/状态：zonedTime.js","自有","中","已纳入并检查（方法及运行限制见本行）","full-source-manual-review；imports/initialization/data boundaries/error paths；root AST parse/import scan when present","data_audit/independent_review","DATA-05","fixed-and-regression-verified","实测覆盖：行100%/分支100%；全文审阅不等于所有分支已运行","a740dd9a9246f53fd50525ef0752f5e5dd790b2d634e1174e9803f49b7524c5f","5691","交付快照"
"src/env.d.ts","应用入口/路由/类型/根配置","自有","常规","已纳入并检查（方法及运行限制见本行）","完整自有源码或配置审阅；AST/边界/安全/构建或对应检查；新增并行项目模块经独立补读","root/independent_review","","未另确认缺陷；不等于证明无缺陷","静态检查、相关运行时回归或构建；每文件百分比未测出时不伪造","d7a2c25dc0b0887361f99a290a7684a0d3d69da37a61307655eedbc6fe47d25a","763","交付快照"
"src/main.js","应用入口/路由/类型/根配置","自有","中","已纳入并检查（方法及运行限制见本行）","完整自有源码或配置审阅；AST/边界/安全/构建或对应检查；新增并行项目模块经独立补读","root/independent_review","R07","修复；证据见审计及测试报告","静态检查、相关运行时回归或构建；每文件百分比未测出时不伪造","ffe3c166d5915a9141d70ced901270ddc31a6920359b8eaca49e2d82f25d0ad6","15762","交付快照"
"src/router/navigation.js","应用入口/路由/类型/根配置","自有","常规","已纳入并检查（方法及运行限制见本行）","完整自有源码或配置审阅；AST/边界/安全/构建或对应检查；新增并行项目模块经独立补读","root/independent_review","","未另确认缺陷；不等于证明无缺陷","实测覆盖：行100%/分支90.9%；全文审阅不等于所有分支已运行","eba634a72d632460183b5e1d0dd1541b8411be7f11d93923427e6140424f50c1","2319","交付快照"
"src/router/routePreload.js","应用入口/路由/类型/根配置","自有","常规","已纳入并检查（方法及运行限制见本行）","完整自有源码或配置审阅；AST/边界/安全/构建或对应检查；新增并行项目模块经独立补读","root/independent_review","","未另确认缺陷；不等于证明无缺陷","实测覆盖：行85.71%/分支47.61%；全文审阅不等于所有分支已运行","a3aa1ad3232230d7e9eecfaf73d6cf21b609d9876ce1410b40e369d05a29ef07","1819","交付快照"
"src/router/routes.js","应用入口/路由/类型/根配置","自有","常规","已纳入并检查（方法及运行限制见本行）","完整自有源码或配置审阅；AST/边界/安全/构建或对应检查；新增并行项目模块经独立补读","root/independent_review","","未另确认缺陷；不等于证明无缺陷","实测覆盖：行93.33%/分支50%；全文审阅不等于所有分支已运行","1b339c202c16e617a267f3ff0a5a79857280267bf79cd5123950ce0b3f3e4b66","5004","交付快照"
"src/services/accountSync.js","应用入口/路由/类型/根配置","自有","较高（数据/权限/时间/金额/运行边界）","已纳入并检查（方法及运行限制见本行）","Snapshot owner/session checks, explicit checked JWT headers, CAS revision transport, signed-out/account-change guard and server error mapping.","backend_audit","","未另确认缺陷；不等于证明无缺陷","实测覆盖：行96.42%/分支81.66%；全文审阅不等于所有分支已运行","cc1e6a9b8f5d5f4f53d983b2b5848a98fbd46c78c2f3ac4a66fba4c9273b295f","3608","交付快照"
"src/services/projects.js","应用入口/路由/类型/根配置","自有","较高（数据/权限/时间/金额/运行边界）","已纳入并检查（方法及运行限制见本行）","All form/UUID/action adapters, signed project file paths, file-size limits, Storage session verification and response account guard, signed URL lifetime, real calendar date validation.","backend_audit/independent_review","B09","fixed","实测覆盖：行96.61%/分支77.22%；全文审阅不等于所有分支已运行","b29b3f22a3f29496217037831282be8e889bd768217254a9b1ad5864fb6d8332","7200","原领域审阅后源码有更新；独立补读/最终差异及全库验证见TEST_REPORT"
"src/services/social.js","应用入口/路由/类型/根配置","自有","高","已纳入并检查（方法及运行限制见本行）","Every readiness/session/error/RPC/Realtime path, session identity binding, missing-token rejection and post-response account-change guard.","backend_audit/independent_review","B01","fixed","实测覆盖：行59.57%/分支50%；全文审阅不等于所有分支已运行","5af323adb21fea43067d8dcae49520b1c56c558a9d69828a2ea44e498e5b13f2","5249","原领域审阅后源码有更新；独立补读/最终差异及全库验证见TEST_REPORT"
"src/services/supabase.js","应用入口/路由/类型/根配置","自有","较高（数据/权限/时间/金额/运行边界）","已纳入并检查（方法及运行限制见本行）","Public-only key validation, strict HTTPS/local URL restrictions, lazy SDK load/retry, isolated auth storage, explicit callback handling options and non-persisting old-password verifier.","backend_audit","","未另确认缺陷；不等于证明无缺陷","实测覆盖：行73.52%/分支82.92%；全文审阅不等于所有分支已运行","873ad2abc0a91fa915ac232df927c4bbcca98dfdb888fc26589da86a230bb0f6","3029","交付快照"
"src/style.css","应用入口/路由/类型/根配置","自有","中","已纳入并检查（方法及运行限制见本行）","全文CSS解析；布局/焦点/触摸/动效/令牌关键声明审查；浏览器验证","root/independent_review","R07","修复；证据见审计及测试报告","静态检查、相关运行时回归或构建；每文件百分比未测出时不伪造","30d30ceb8e257d68aef29b2461e1445a75c6c9eeb0374029dc7dac2a8e596bbe","33382","交付快照"
"src/styles/action-feedback.css","应用入口/路由/类型/根配置","自有","常规","已纳入并检查（方法及运行限制见本行）","全文CSS解析；布局/焦点/触摸/动效/令牌关键声明审查；浏览器验证","root/independent_review","","未另确认缺陷；不等于证明无缺陷","静态检查、相关运行时回归或构建；每文件百分比未测出时不伪造","e0bad85613fa26850e9a2cd27b33bad110627f86eb37ac90d5f8874d3f368556","1305","交付快照"
"src/types/checklists.ts","应用入口/路由/类型/根配置","自有","常规","已纳入并检查（方法及运行限制见本行）","完整自有源码或配置审阅；AST/边界/安全/构建或对应检查；新增并行项目模块经独立补读","root/independent_review","","未另确认缺陷；不等于证明无缺陷","静态检查、相关运行时回归或构建；每文件百分比未测出时不伪造","44bdc58f593d94c98389eabf79629e338dd5f007ae3a88469a27b3bf9a63c52e","552","交付快照"
"src/types/domain.ts","应用入口/路由/类型/根配置","自有","常规","已纳入并检查（方法及运行限制见本行）","完整自有源码或配置审阅；AST/边界/安全/构建或对应检查；新增并行项目模块经独立补读","root/independent_review","","未另确认缺陷；不等于证明无缺陷","静态检查、相关运行时回归或构建；每文件百分比未测出时不伪造","79f43e82c1595a7972c98b558d91e1672581a75911e1e81d16d5085d295acdb7","5971","交付快照"
"src/utils/formatters.js","应用入口/路由/类型/根配置","自有","中","已纳入并检查（方法及运行限制见本行）","complete-source-read-and-relevant-regressions-inspected","root/independent_review","R09","修复；证据见审计及测试报告","实测覆盖：行100%/分支78.2%；全文审阅不等于所有分支已运行","84aada435a04b621855cad0dcde929be31500f343611c04ea41067e51e57c8aa","5360","交付快照"
"src/views/CourseArchiveView.vue","页面：CourseArchiveView.vue","自有","常规","已纳入并检查（方法及运行限制见本行）","manual-complete-script-business-and-lifecycle-review；complete-AST-and-binding-compilation-with-control-and-flag-review；all-styles-PostCSS-parsed; all-layout-overflow-sizing-position-focus-touch-motion-critical-declarations-manually-reviewed; contrast-and-semantics-regressions","frontend_audit","","未另确认缺陷；不等于证明无缺陷","实测覆盖：行93.54%/分支81.56%；全文审阅不等于所有分支已运行","933fae0dba6b540708ac83624c3259096931b367001743f83f821a20d07df5a3","21405","交付快照"
"src/views/EventsView.vue","页面：EventsView.vue","自有","常规","已纳入并检查（方法及运行限制见本行）","manual-complete-script-business-and-lifecycle-review；complete-AST-and-binding-compilation-with-control-and-flag-review；all-styles-PostCSS-parsed; all-layout-overflow-sizing-position-focus-touch-motion-critical-declarations-manually-reviewed; contrast-and-semantics-regressions","frontend_audit","","未另确认缺陷；不等于证明无缺陷","实测覆盖：行76.57%/分支76.64%；全文审阅不等于所有分支已运行","3811b818e734e89351cab3bbaf470a56745a76ff2a17e80fa7792c331240a142","37026","交付快照"
"src/views/ExamsView.vue","页面：ExamsView.vue","自有","常规","已纳入并检查（方法及运行限制见本行）","manual-complete-script-business-and-lifecycle-review；complete-AST-and-binding-compilation-with-control-and-flag-review；all-styles-PostCSS-parsed; all-layout-overflow-sizing-position-focus-touch-motion-critical-declarations-manually-reviewed; contrast-and-semantics-regressions","frontend_audit","","未另确认缺陷；不等于证明无缺陷","实测覆盖：行62.42%/分支69.17%；全文审阅不等于所有分支已运行","bb8ca7bbbff4d183a172bfc0dd826621a10180d9077d7705ea5146bbafbe2ab2","34353","交付快照"
"src/views/LedgerView.vue","页面：LedgerView.vue","自有","常规","已纳入并检查（方法及运行限制见本行）","manual-complete-script-business-and-lifecycle-review；complete-AST-and-binding-compilation-with-control-and-flag-review；all-styles-PostCSS-parsed; all-layout-overflow-sizing-position-focus-touch-motion-critical-declarations-manually-reviewed; contrast-and-semantics-regressions","frontend_audit","","未另确认缺陷；不等于证明无缺陷","实测覆盖：行60%/分支74.91%；全文审阅不等于所有分支已运行","4c12c2d65393104b461a20ad9255716b03943a476db5693d69556e973cc0aba3","47525","交付快照"
"src/views/ListsView.vue","页面：ListsView.vue","自有","常规","已纳入并检查（方法及运行限制见本行）","manual-complete-script-business-and-lifecycle-review；complete-AST-and-binding-compilation-with-control-and-flag-review；all-styles-PostCSS-parsed; all-layout-overflow-sizing-position-focus-touch-motion-critical-declarations-manually-reviewed; contrast-and-semantics-regressions","frontend_audit","","未另确认缺陷；不等于证明无缺陷","实测覆盖：行78.22%/分支66.96%；全文审阅不等于所有分支已运行","00a6fdd28e210552dad1d539de8b33bb41a081946e7fd9b450a99d66da9cd8dc","57792","交付快照"
"src/views/ProjectsView.vue","页面：ProjectsView.vue","自有","高","已纳入并检查（方法及运行限制见本行）","manual-complete-script-business-and-lifecycle-review；complete-AST-and-binding-compilation-with-control-and-flag-review；all-styles-PostCSS-parsed; all-layout-overflow-sizing-position-focus-touch-motion-critical-declarations-manually-reviewed; contrast-and-semantics-regressions","frontend_audit/independent_review","FE-005;FE-010;FE-011;IR-001;IR-002;IR-003;IR-003;IR-009;IR-010;IR-010;IR-011","修复及定向验证；最终见报告;修复及定向验证；最终见报告;修复及定向验证；最终见报告;resolved-source-and-runtime-verified;resolved-source-and-runtime-verified;resolved-source-and-runtime-verified;resolved-source-and-runtime-verified;resolved-source-and-runtime-verified;resolved-source-and-runtime-verified;resolved-source-and-runtime-verified;resolved-source-and-runtime-verified","实测覆盖：行51.37%/分支41.66%；全文审阅不等于所有分支已运行","c9ca7476ddd450bb484370099adff0d10e8ed493aa4d6604f0aeafe69bdc338c","122432","原领域审阅后源码有更新；独立补读/最终差异及全库验证见TEST_REPORT"
"src/views/ScheduleView.vue","页面：ScheduleView.vue","自有","常规","已纳入并检查（方法及运行限制见本行）","manual-complete-script-business-and-lifecycle-review；complete-AST-and-binding-compilation-with-control-and-flag-review；all-styles-PostCSS-parsed; all-layout-overflow-sizing-position-focus-touch-motion-critical-declarations-manually-reviewed; contrast-and-semantics-regressions","frontend_audit","","未另确认缺陷；不等于证明无缺陷","实测覆盖：行53.54%/分支51.01%；全文审阅不等于所有分支已运行","a1eb80ca23e13da92b933ed4d9d4867080d6bfb9714acaffe44bd9f7c26c8ec4","32211","交付快照"
"src/views/TasksView.vue","页面：TasksView.vue","自有","常规","已纳入并检查（方法及运行限制见本行）","manual-complete-script-business-and-lifecycle-review；complete-AST-and-binding-compilation-with-control-and-flag-review；all-styles-PostCSS-parsed; all-layout-overflow-sizing-position-focus-touch-motion-critical-declarations-manually-reviewed; contrast-and-semantics-regressions","frontend_audit","","未另确认缺陷；不等于证明无缺陷","实测覆盖：行68.39%/分支72.33%；全文审阅不等于所有分支已运行","2da57025c07a7a90862eaa99bf4586508ddb12a7ae618a43ef363d9977a98685","47371","交付快照"
"src/views/TodayView.vue","页面：TodayView.vue","自有","中","已纳入并检查（方法及运行限制见本行）","manual-complete-script-business-and-lifecycle-review；complete-AST-and-binding-compilation-with-control-and-flag-review；all-styles-PostCSS-parsed; all-layout-overflow-sizing-position-focus-touch-motion-critical-declarations-manually-reviewed; contrast-and-semantics-regressions","frontend_audit","R06","修复；证据见审计及测试报告","实测覆盖：行70.99%/分支55.29%；全文审阅不等于所有分支已运行","a6dcd04f5183df513a1d794202c1743462ee8b203a493ddb9f0d65d3bbc3e03f","41018","交付快照"
"src/views/TogetherView.vue","页面：TogetherView.vue","自有","高","已纳入并检查（方法及运行限制见本行）","manual-complete-script-business-and-lifecycle-review；complete-AST-and-binding-compilation-with-control-and-flag-review；all-styles-PostCSS-parsed; all-layout-overflow-sizing-position-focus-touch-motion-critical-declarations-manually-reviewed; contrast-and-semantics-regressions","frontend_audit/independent_review","FE-004;FE-012;IR-004;IR-004","修复及定向验证；最终见报告;修复及定向验证；最终见报告;resolved-source-and-runtime-verified;resolved-source-and-runtime-verified","实测覆盖：行46.5%/分支27.77%；全文审阅不等于所有分支已运行","4c9eca9e7b4ae17e38d57f4e00928faf0d31424dce7e32615c10bb708dcda282","54846","交付快照"
"src/views/WeeklyReviewView.vue","页面：WeeklyReviewView.vue","自有","常规","已纳入并检查（方法及运行限制见本行）","manual-complete-script-business-and-lifecycle-review；complete-AST-and-binding-compilation-with-control-and-flag-review；all-styles-PostCSS-parsed; all-layout-overflow-sizing-position-focus-touch-motion-critical-declarations-manually-reviewed; contrast-and-semantics-regressions","frontend_audit","","未另确认缺陷；不等于证明无缺陷","实测覆盖：行100%/分支76.25%；全文审阅不等于所有分支已运行","1286c66fc0d6df016ea2877a12321069e062d8c109f232f8f93d3133283bf46b","20016","交付快照"
"src/views/course-progress.css","页面：course-progress.css","自有","常规","已纳入并检查（方法及运行限制见本行）","not-applicable；not-applicable；all-styles-PostCSS-parsed; all-layout-overflow-sizing-position-focus-touch-motion-critical-declarations-manually-reviewed; contrast-and-semantics-regressions","frontend_audit","","未另确认缺陷；不等于证明无缺陷","实测覆盖：行100%/分支100%；全文审阅不等于所有分支已运行","bdc89d53c6a18c618300345a27062e3d3a2ce19a4e6d5c7a1a216a763ee997e2","10343","交付快照"
"src/views/exams.css","页面：exams.css","自有","常规","已纳入并检查（方法及运行限制见本行）","not-applicable；not-applicable；all-styles-PostCSS-parsed; all-layout-overflow-sizing-position-focus-touch-motion-critical-declarations-manually-reviewed; contrast-and-semantics-regressions","frontend_audit","","未另确认缺陷；不等于证明无缺陷","实测覆盖：行100%/分支100%；全文审阅不等于所有分支已运行","6556c8b9d96c442adb840d2c24e353862865344c931151206cc7b6a4c93cb7e4","12753","交付快照"
"src/views/ledger-panels/BillFormModal.vue","页面：ledger-panels","自有","较高（数据/权限/时间/金额/运行边界）","已纳入并检查（方法及运行限制见本行）","manual-complete-script-business-and-lifecycle-review；complete-AST-and-binding-compilation-with-control-and-flag-review；all-styles-PostCSS-parsed; all-layout-overflow-sizing-position-focus-touch-motion-critical-declarations-manually-reviewed; contrast-and-semantics-regressions","frontend_audit/independent_review","FE-009","修复及定向验证；最终见报告","实测覆盖：行76.92%/分支86.54%；全文审阅不等于所有分支已运行","49dc312b7a6bf763757f9235cabdcfe33f3e255fe7c8b15c228c17927f4aec04","18307","交付快照"
"src/views/ledger-panels/BillsPanel.vue","页面：ledger-panels","自有","较高（数据/权限/时间/金额/运行边界）","已纳入并检查（方法及运行限制见本行）","manual-complete-script-business-and-lifecycle-review；complete-AST-and-binding-compilation-with-control-and-flag-review；all-styles-PostCSS-parsed; all-layout-overflow-sizing-position-focus-touch-motion-critical-declarations-manually-reviewed; contrast-and-semantics-regressions","frontend_audit","","未另确认缺陷；不等于证明无缺陷","实测覆盖：行53.84%/分支71.42%；全文审阅不等于所有分支已运行","4797157deeff822d50b418d154411f5bb5e20211dc395d819926f3fc3b814d11","8608","交付快照"
"src/views/ledger-panels/BudgetSettingsModal.vue","页面：ledger-panels","自有","较高（数据/权限/时间/金额/运行边界）","已纳入并检查（方法及运行限制见本行）","manual-complete-script-business-and-lifecycle-review；complete-AST-and-binding-compilation-with-control-and-flag-review；all-styles-PostCSS-parsed; all-layout-overflow-sizing-position-focus-touch-motion-critical-declarations-manually-reviewed; contrast-and-semantics-regressions","frontend_audit","","未另确认缺陷；不等于证明无缺陷","实测覆盖：行76.92%/分支76.19%；全文审阅不等于所有分支已运行","6791f1f876c109ef8f27d9676e8bf367b46b6acbc99d3d31705c9a375352d16f","4774","交付快照"
"src/views/ledger-panels/FxSettingsModal.vue","页面：ledger-panels","自有","较高（数据/权限/时间/金额/运行边界）","已纳入并检查（方法及运行限制见本行）","manual-complete-script-business-and-lifecycle-review；complete-AST-and-binding-compilation-with-control-and-flag-review；all-styles-PostCSS-parsed; all-layout-overflow-sizing-position-focus-touch-motion-critical-declarations-manually-reviewed; contrast-and-semantics-regressions","frontend_audit","","未另确认缺陷；不等于证明无缺陷","实测覆盖：行37.2%/分支0%；全文审阅不等于所有分支已运行","b64a99e2300ebb773a34c5f58dcb7c15ead03495b0c21f22a5cffa4d28a63ac2","5973","交付快照"
"src/views/ledger-panels/LedgerBudgetCard.vue","页面：ledger-panels","自有","较高（数据/权限/时间/金额/运行边界）","已纳入并检查（方法及运行限制见本行）","manual-complete-script-business-and-lifecycle-review；complete-AST-and-binding-compilation-with-control-and-flag-review；all-styles-PostCSS-parsed; all-layout-overflow-sizing-position-focus-touch-motion-critical-declarations-manually-reviewed; contrast-and-semantics-regressions","frontend_audit","","未另确认缺陷；不等于证明无缺陷","实测覆盖：行92.85%/分支77.58%；全文审阅不等于所有分支已运行","e900cea8cf7fec403c5398fecfa2557a78cfd7affae028b8184688a5eb1842ec","8273","交付快照"
"src/views/ledger-panels/LedgerHomePanel.vue","页面：ledger-panels","自有","较高（数据/权限/时间/金额/运行边界）","已纳入并检查（方法及运行限制见本行）","manual-complete-script-business-and-lifecycle-review；complete-AST-and-binding-compilation-with-control-and-flag-review；all-styles-PostCSS-parsed; all-layout-overflow-sizing-position-focus-touch-motion-critical-declarations-manually-reviewed; contrast-and-semantics-regressions","frontend_audit","","未另确认缺陷；不等于证明无缺陷","实测覆盖：行60.52%/分支84.89%；全文审阅不等于所有分支已运行","857f86fa2630058a4b22a90f08700ea3eac86c030841358049eb32f63b8b098a","30755","交付快照"
"src/views/ledger-panels/MonthlyTrendCard.vue","页面：ledger-panels","自有","较高（数据/权限/时间/金额/运行边界）","已纳入并检查（方法及运行限制见本行）","manual-complete-script-business-and-lifecycle-review；complete-AST-and-binding-compilation-with-control-and-flag-review；all-styles-PostCSS-parsed; all-layout-overflow-sizing-position-focus-touch-motion-critical-declarations-manually-reviewed; contrast-and-semantics-regressions","frontend_audit","","未另确认缺陷；不等于证明无缺陷","实测覆盖：行96.49%/分支76.75%；全文审阅不等于所有分支已运行","9397fb9742f11d0353bd07b86be65465d92a969bf9ec79e2e99b571c293c7ce4","27301","交付快照"
"src/views/ledger-panels/QuickEntryModal.vue","页面：ledger-panels","自有","较高（数据/权限/时间/金额/运行边界）","已纳入并检查（方法及运行限制见本行）","manual-complete-script-business-and-lifecycle-review；complete-AST-and-binding-compilation-with-control-and-flag-review；all-styles-PostCSS-parsed; all-layout-overflow-sizing-position-focus-touch-motion-critical-declarations-manually-reviewed; contrast-and-semantics-regressions","frontend_audit","","未另确认缺陷；不等于证明无缺陷","实测覆盖：行61.7%/分支64.86%；全文审阅不等于所有分支已运行","98b4967366abed7f29d25f4ca49dfee6e4332c20e89c709a1fc660cec1928042","19878","交付快照"
"src/views/ledger-panels/ReviewPanel.vue","页面：ledger-panels","自有","较高（数据/权限/时间/金额/运行边界）","已纳入并检查（方法及运行限制见本行）","manual-complete-script-business-and-lifecycle-review；complete-AST-and-binding-compilation-with-control-and-flag-review；all-styles-PostCSS-parsed; all-layout-overflow-sizing-position-focus-touch-motion-critical-declarations-manually-reviewed; contrast-and-semantics-regressions","frontend_audit","","未另确认缺陷；不等于证明无缺陷","实测覆盖：行88.88%/分支96.03%；全文审阅不等于所有分支已运行","92accf9cab27b555fcebaf3e7ca8f7909d17fb80e47f07e07349a54565d4b2dd","23045","交付快照"
"src/views/ledger-panels/TransactionDetailModal.vue","页面：ledger-panels","自有","较高（数据/权限/时间/金额/运行边界）","已纳入并检查（方法及运行限制见本行）","manual-complete-script-business-and-lifecycle-review；complete-AST-and-binding-compilation-with-control-and-flag-review；all-styles-PostCSS-parsed; all-layout-overflow-sizing-position-focus-touch-motion-critical-declarations-manually-reviewed; contrast-and-semantics-regressions","frontend_audit","","未另确认缺陷；不等于证明无缺陷","实测覆盖：行70.73%/分支29.68%；全文审阅不等于所有分支已运行","b3f1377b1ba9f3b1378c25cec37d8b2a0ab8f1b299336aaee1279479bb735e59","13601","交付快照"
"src/views/projects.css","页面：projects.css","自有","较高（数据/权限/时间/金额/运行边界）","已纳入并检查（方法及运行限制见本行）","not-applicable；not-applicable；all-styles-PostCSS-parsed; all-layout-overflow-sizing-position-focus-touch-motion-critical-declarations-manually-reviewed; contrast-and-semantics-regressions","frontend_audit","","未另确认缺陷；不等于证明无缺陷","实测覆盖：行100%/分支100%；全文审阅不等于所有分支已运行","64e35ec6a96d315bdd9106d1fc7dcac47ca63e1577413c99a3cdae87a31096de","30806","原领域审阅后源码有更新；独立补读/最终差异及全库验证见TEST_REPORT"
"src/views/tasks.css","页面：tasks.css","自有","常规","已纳入并检查（方法及运行限制见本行）","not-applicable；not-applicable；all-styles-PostCSS-parsed; all-layout-overflow-sizing-position-focus-touch-motion-critical-declarations-manually-reviewed; contrast-and-semantics-regressions","frontend_audit","","未另确认缺陷；不等于证明无缺陷","实测覆盖：行100%/分支100%；全文审阅不等于所有分支已运行","7ef8e8bf70430c29e92505872676332a373b8017f59ace046d843633d4dca11e","11079","交付快照"
"src/views/together.css","页面：together.css","自有","常规","已纳入并检查（方法及运行限制见本行）","not-applicable；not-applicable；all-styles-PostCSS-parsed; all-layout-overflow-sizing-position-focus-touch-motion-critical-declarations-manually-reviewed; contrast-and-semantics-regressions","frontend_audit","","未另确认缺陷；不等于证明无缺陷","实测覆盖：行100%/分支100%；全文审阅不等于所有分支已运行","0937f8f845e1c90d7d6970445e7b0192c366125cb70660c04506b6da8d825015","15830","交付快照"
"supabase/config.toml","后端/数据库：config.toml","自有","较高（数据/权限/时间/金额/运行边界）","已纳入并检查（方法及运行限制见本行）","campus-social verify_jwt=true; Edge independently calls getUser(token). No CLI project linking or remote auth/database calls.","backend_audit","","未另确认缺陷；不等于证明无缺陷","静态检查、相关运行时回归或构建；每文件百分比未测出时不伪造","d51816ec798fec31e235bda4f79e4a175dac4a2c237cee2daecfe34ac885ca00","71","交付快照"
"supabase/functions/campus-social/availability.js","后端/数据库：functions","自有","高","已纳入并检查（方法及运行限制见本行）","Interval operations, timezone/local day range, completeness, courses/time periods, whole-day and per-session exceptions, event/exam/invitation busy ranges, class buffers and midnight/weekend spillover.","backend_audit/independent_review","B02;B03","fixed;fixed","实测覆盖：行91.42%/分支69.9%；全文审阅不等于所有分支已运行","4dff9a231edc0ead1387c35cf417031ee97635220a0743598ee923d04cecb365","17259","交付快照"
"supabase/functions/campus-social/index.ts","后端/数据库：functions","自有","高","已纳入并检查（方法及运行限制见本行）","CORS, bounded body parsing, getUser auth, verified email checks, API validation/error sanitization, social/project RPC routing, profile privacy, discovery/rates, shared confirmed calendars, invitation and deliverable permissions, uploaded paths and task checkpoints.","backend_audit/independent_review","B04;B07;B09;B11","fixed;fixed;fixed;fixed","静态检查、相关运行时回归或构建；每文件百分比未测出时不伪造","243d56976306ac29f50e963ebfc7df55c9f79a3880837a356637c9cb5eac749c","59103","原领域审阅后源码有更新；独立补读/最终差异及全库验证见TEST_REPORT"
"supabase/migrations/20261006170314_account_sync_snapshots.sql","后端/数据库：migrations","自有","较高（数据/权限/时间/金额/运行边界）","已纳入并检查（方法及运行限制见本行）","Owner-only snapshot RLS, anon deny, invoker RPC, CAS/locking/revision/required format and size limit.","backend_audit","","未另确认缺陷；不等于证明无缺陷","静态检查、相关运行时回归或构建；每文件百分比未测出时不伪造","8020d6e11d66e8807718a0c0920f8d9171a2ac2b3c4503c2b61e20925a440b53","3777","交付快照"
"supabase/migrations/20261006170752_account_sync_required_fields.sql","后端/数据库：migrations","自有","较高（数据/权限/时间/金额/运行边界）","已纳入并检查（方法及运行限制见本行）","Required format/version/values/manifest shape; malformed owner payload rejected.","backend_audit","","未另确认缺陷；不等于证明无缺陷","静态检查、相关运行时回归或构建；每文件百分比未测出时不伪造","f14724eef8a132afe25daaf22353d21db8df158fc72c1b552c33016aa0cf1a76","304","交付快照"
"supabase/migrations/20261008045623_friend_collaboration.sql","后端/数据库：migrations","自有","高","已纳入并检查（方法及运行限制见本行）","All social table RLS/privileges, profile opt-in discovery, verified-user checks, friend transitions, rate limits, schedule revision checks, advisory locks, invitation accept/change/cancel/expiry, notifications and service-only RPC.","backend_audit","B05","fixed-local-migration-unapplied","静态检查、相关运行时回归或构建；每文件百分比未测出时不伪造","8d9a7fa770db36cec249aff05ef3166b3ba5dcc105b8e0cfea800b2019b2a332","36467","交付快照"
"supabase/migrations/20261008045755_social_foreign_key_indexes.sql","后端/数据库：migrations","自有","较高（数据/权限/时间/金额/运行边界）","已纳入并检查（方法及运行限制见本行）","Both social foreign-key indexes checked against referencing columns.","backend_audit","","未另确认缺陷；不等于证明无缺陷","静态检查、相关运行时回归或构建；每文件百分比未测出时不伪造","9ae911652befade887ef3bb97b2011566c336b0bda6124342e9494bd04b29e60","291","交付快照"
"supabase/migrations/20261008050343_social_rate_buckets_rls.sql","后端/数据库：migrations","自有","较高（数据/权限/时间/金额/运行边界）","已纳入并检查（方法及运行限制见本行）","Private rate buckets RLS and direct-client privilege denial.","backend_audit","","未另确认缺陷；不等于证明无缺陷","静态检查、相关运行时回归或构建；每文件百分比未测出时不伪造","afbe2076b9f80f2f77a8d2c1eff73a844c09b41a6a1bbda6fa796161de810d30","287","交付快照"
"supabase/migrations/20261008063633_qixing_project_collaboration_schema.sql","后端/数据库：migrations","自有","较高（数据/权限/时间/金额/运行边界）","已纳入并检查（方法及运行限制见本行）","Every project table, FK/index/check/unique constraint, service-only direct access, private Storage bucket, path-scoped object_access and all policies. One deliverable per task enforced by partial unique index.","backend_audit","","未另确认缺陷；不等于证明无缺陷","静态检查、相关运行时回归或构建；每文件百分比未测出时不伪造","2e3ffe4407c23bb1edc4c9c021a004bb24ea2d5b9220e1dabb73f1d148d8a60d","19867","交付快照"
"supabase/migrations/20261008064042_qixing_project_collaboration_dispatch.sql","后端/数据库：migrations","自有","高","已纳入并检查（方法及运行限制见本行）","Project lifecycle/membership/ownership/invite links, task/assignment/dependency/CAS, milestones/checks, meetings/proposals/confirmation, adjustments, drafts/versions/idempotency/review and permissions. No historical migration modified.","backend_audit","B05;B06","fixed-local-migration-unapplied;fixed-local-migration-unapplied","静态检查、相关运行时回归或构建；每文件百分比未测出时不伪造","f02c7e14dd3ecfd56bd489688ec71b133cc1a5299b28afce28d899eb7d08ef0b","128554","交付快照"
"supabase/migrations/20261008064136_qixing_project_collaboration_fk_indexes.sql","后端/数据库：migrations","自有","较高（数据/权限/时间/金额/运行边界）","已纳入并检查（方法及运行限制见本行）","Project foreign-key index columns reviewed; index statements executed locally.","backend_audit","","未另确认缺陷；不等于证明无缺陷","静态检查、相关运行时回归或构建；每文件百分比未测出时不伪造","c8f227fda61eda2988ab535f06879d8a865394bb538691a2bf4f3edd24f418e4","2495","交付快照"
"supabase/migrations/20261008090340_retire_quick_notes.sql","后端/数据库：migrations","自有","较高（数据/权限/时间/金额/运行边界）","已纳入并检查（方法及运行限制见本行）","Retired quick notes are retained in an archive, relation cleanup and revision bumps; trigger paths checked. No production backfill was executed.","backend_audit","","未另确认缺陷；不等于证明无缺陷","静态检查、相关运行时回归或构建；每文件百分比未测出时不伪造","6bce467edaf12f028e192c69e60561dda1f11b155a8ebdca74667003793692e7","8232","交付快照"
"supabase/migrations/20261008122338_social_storage_write_policy_hardening.sql","后端/数据库：migrations","自有","较高（数据/权限/时间/金额/运行边界）","已纳入并检查（方法及运行限制见本行）","Protected social write grants revoked; Storage update/delete use member/uploader/project-state checks including denied path reassignment.","backend_audit","","未另确认缺陷；不等于证明无缺陷","静态检查、相关运行时回归或构建；每文件百分比未测出时不伪造","ff98b2730ca69b1d06eb855d14db451086d729ce1321cbf81f0a1bcd58f41a2b","902","交付快照"
"supabase/migrations/20261009072859_qixing_task_workbench.sql","后端/数据库：migrations","自有","较高（数据/权限/时间/金额/运行边界）","已纳入并检查（方法及运行限制见本行）","Checkpoint payload/resource bounds, actor membership/assignment, active project, optimistic checkpoint timestamp, append-only event history and service-only RPC execution.","backend_audit","","未另确认缺陷；不等于证明无缺陷","静态检查、相关运行时回归或构建；每文件百分比未测出时不伪造","22c65932afbabddfee7732d43445303465eb92e85324b9c27a93362dc2df16c1","6030","交付快照"
"supabase/migrations/20261010050926_collaboration_integrity_guards.sql","后端/数据库：migrations","自有","高","已纳入并检查（方法及运行限制见本行）","CLI-generated additive migration. Shared sorted participant advisory locks/calendar checks, meeting trigger, task dependency trigger, service-only core and signature-preserving public wrapper reserving project row before mutations. No data rewrite.","backend_audit/independent_review","B05;B06","fixed-local-migration-unapplied;fixed-local-migration-unapplied","静态检查、相关运行时回归或构建；每文件百分比未测出时不伪造","f0625d44a7b4b083dd95d1bfb9d26d4a323f2e4b02f4b737079d547bae9b3cff","6739","交付快照"
"supabase/migrations/20261010061000_qixing_submit_revision_guard.sql","后端/数据库：migrations","自有","较高（数据/权限/时间/金额/运行边界）","已纳入并检查（方法及运行限制见本行）","complete-source-read-and-relevant-regressions-inspected","root/independent_review","","未另确认缺陷；不等于证明无缺陷","静态检查、相关运行时回归或构建；每文件百分比未测出时不伪造","56f1a7d060357f01a719c2510a1fa3c7ee30489558ca6dc1d4b11bc374796596","2245","交付快照"
"supabase/tests/account_sync.sql","后端/数据库：tests","自有","较高（数据/权限/时间/金额/运行边界）","已纳入并检查（方法及运行限制见本行）","Rollback-only fictional fixture covers own/cross-owner CAS, read/insert/update/reassignment, missing fields and anonymous RPC denial.","backend_audit","","未另确认缺陷；不等于证明无缺陷","静态检查、相关运行时回归或构建；每文件百分比未测出时不伪造","3ca35bb49fbdcf665813e48b2a13d57b5453ad02d0b6aa5d14ff6fb558e8a667","3741","交付快照"
"supabase/tests/collaboration_integrity.sql","后端/数据库：tests","自有","较高（数据/权限/时间/金额/运行边界）","已纳入并检查（方法及运行限制见本行）","Rollback-only fictional project RPC transitions, member/outsider allow/deny, blocked submission rollback, allowed review, dependency reopen deny, cross-project and social overlaps, adjacent booking allow and private core privilege denial.","backend_audit/independent_review","","未另确认缺陷；不等于证明无缺陷","静态检查、相关运行时回归或构建；每文件百分比未测出时不伪造","9046bf7daeee1c301e29a4a6c824ec4e2afda04a5ce8a96d55a717db9c9b4cc6","8122","交付快照"
"supabase/tests/qixing_submit_revision.sql","后端/数据库：tests","自有","较高（数据/权限/时间/金额/运行边界）","已纳入并检查（方法及运行限制见本行）","complete-source-read-and-relevant-regressions-inspected","root/independent_review","","未另确认缺陷；不等于证明无缺陷","静态检查、相关运行时回归或构建；每文件百分比未测出时不伪造","c2f88b8a6de96632e61cf96f140410476435f0dbcc0760a337d162dde42e3505","3560","交付快照"
"tests/accessibleNames.test.js","测试/夹具","自有","常规","已纳入并检查（方法及运行限制见本行）","完整AST/导入与断言结构审查；实际全库执行；不宣称逐字人工审阅全部历史用例","root/independent_review","","未另确认缺陷；不等于证明无缺陷","passed：12通过/0失败；final-vitest.json","86a681af1febec86291734c71074b76bebcb85a82d10bd7058ad92b00e1cf385","5872","交付快照"
"tests/accountAuth.test.js","测试/夹具","自有","较高（数据/权限/时间/金额/运行边界）","已纳入并检查（方法及运行限制见本行）","完整AST/导入与断言结构审查；实际全库执行；不宣称逐字人工审阅全部历史用例","root/independent_review","","未另确认缺陷；不等于证明无缺陷","passed：33通过/0失败；final-vitest.json","a4b3e7ba6d16fcc69b84ce51a0033cd690169e8645423cfa7cfcae2c13dad3af","21989","交付快照"
"tests/accountLocalData.test.js","测试/夹具","自有","较高（数据/权限/时间/金额/运行边界）","已纳入并检查（方法及运行限制见本行）","完整AST/导入与断言结构审查；实际全库执行；不宣称逐字人工审阅全部历史用例","root/independent_review","","未另确认缺陷；不等于证明无缺陷","passed：9通过/0失败；final-vitest.json","2f1799c95f137da18defba6b36834c2641762afc2215da80cf66b515d82bf96b","7644","交付快照"
"tests/accountPanel.test.js","测试/夹具","自有","较高（数据/权限/时间/金额/运行边界）","已纳入并检查（方法及运行限制见本行）","完整AST/导入与断言结构审查；实际全库执行；不宣称逐字人工审阅全部历史用例","root/independent_review","","未另确认缺陷；不等于证明无缺陷","passed：12通过/0失败；final-vitest.json","086cf10c98ae7ed400340cca632f386e29bb2c190060e32a4bf038ded464620a","12854","交付快照"
"tests/accountPasswordVerification.test.js","测试/夹具","自有","较高（数据/权限/时间/金额/运行边界）","已纳入并检查（方法及运行限制见本行）","完整AST/导入与断言结构审查；实际全库执行；不宣称逐字人工审阅全部历史用例","root/independent_review","","未另确认缺陷；不等于证明无缺陷","passed：4通过/0失败；final-vitest.json","d183d72f765aa1031b5a713936ecc790f0f71432478ae0c463a0b95fa1ffd9b5","2646","交付快照"
"tests/accountSyncData.test.js","测试/夹具","自有","较高（数据/权限/时间/金额/运行边界）","已纳入并检查（方法及运行限制见本行）","完整AST/导入与断言结构审查；实际全库执行；不宣称逐字人工审阅全部历史用例","root/independent_review","","未另确认缺陷；不等于证明无缺陷","passed：9通过/0失败；final-vitest.json","6d33e6f59fcaf33d23eeba0d6fd4a35a80f52c94aadd0bb88c474670fcccb8e3","3920","交付快照"
"tests/accountSyncEngine.test.js","测试/夹具","自有","较高（数据/权限/时间/金额/运行边界）","已纳入并检查（方法及运行限制见本行）","完整AST/导入与断言结构审查；实际全库执行；不宣称逐字人工审阅全部历史用例","root/independent_review","","未另确认缺陷；不等于证明无缺陷","passed：21通过/0失败；final-vitest.json","8565108972be3d65043f0a9d700b9f9e3b4de7f81d66801ee46fdaac6370d237","18796","交付快照"
"tests/accountSyncLifecycle.test.js","测试/夹具","自有","较高（数据/权限/时间/金额/运行边界）","已纳入并检查（方法及运行限制见本行）","完整AST/导入与断言结构审查；实际全库执行；不宣称逐字人工审阅全部历史用例","root/independent_review","","未另确认缺陷；不等于证明无缺陷","passed：4通过/0失败；final-vitest.json","6c59e4839709f40b78feb737f1ca52691cb460b59c84b6883c56010abee6151c","4335","交付快照"
"tests/accountSyncTransport.test.js","测试/夹具","自有","较高（数据/权限/时间/金额/运行边界）","已纳入并检查（方法及运行限制见本行）","完整AST/导入与断言结构审查；实际全库执行；不宣称逐字人工审阅全部历史用例","root/independent_review","","未另确认缺陷；不等于证明无缺陷","passed：7通过/0失败；final-vitest.json","7c3513b329bcac3c17224f72bbdbeb2b13b89d4eb88fa96dafb97d747975ab09","4776","交付快照"
"tests/actionButtonErrorBoundary.test.js","测试/夹具","自有","常规","已纳入并检查（方法及运行限制见本行）","完整AST/导入与断言结构审查；实际全库执行；不宣称逐字人工审阅全部历史用例","root/independent_review","","未另确认缺陷；不等于证明无缺陷","passed：1通过/0失败；final-vitest.json","33890087be7857071ff5009e5f4f498b10ca7dba2db4877ab9b7ec1322df278b","1041","交付快照"
"tests/actionFeedback.test.js","测试/夹具","自有","常规","已纳入并检查（方法及运行限制见本行）","完整AST/导入与断言结构审查；实际全库执行；不宣称逐字人工审阅全部历史用例","root/independent_review","","未另确认缺陷；不等于证明无缺陷","passed：9通过/0失败；final-vitest.json","adf7a67fcae41b6a0c87c562bd8d4cdb611f13cdf3a1ccd1dc6bb006577cd95f","6112","交付快照"
"tests/anniversaryAnimation.test.js","测试/夹具","自有","常规","已纳入并检查（方法及运行限制见本行）","完整AST/导入与断言结构审查；实际全库执行；不宣称逐字人工审阅全部历史用例","root/independent_review","","未另确认缺陷；不等于证明无缺陷","passed：9通过/0失败；final-vitest.json","302f6101f55699235151d4f9b3bcc4d5268a27e585d2cdfa2c394fe2e3411fda","11387","交付快照"
"tests/appShellAnnouncements.test.js","测试/夹具","自有","常规","已纳入并检查（方法及运行限制见本行）","完整AST/导入与断言结构审查；实际全库执行；不宣称逐字人工审阅全部历史用例","root/independent_review","","未另确认缺陷；不等于证明无缺陷","passed：7通过/0失败；final-vitest.json","68924f2979ca6bf877cc43bd39d9c4a9732a99a0e3a08dba49d9dca0419f59d7","9142","交付快照"
"tests/appUpdateActivation.test.js","测试/夹具","自有","常规","已纳入并检查（方法及运行限制见本行）","完整AST/导入与断言结构审查；实际全库执行；不宣称逐字人工审阅全部历史用例","root/independent_review","","未另确认缺陷；不等于证明无缺陷","passed：3通过/0失败；final-vitest.json","b95517fb20203bd88758c8011ec69bf12a4251ef111f9d71c3ae423f1e8513d7","3674","交付快照"
"tests/appUpdateLatency.test.js","测试/夹具","自有","常规","已纳入并检查（方法及运行限制见本行）","完整AST/导入与断言结构审查；实际全库执行；不宣称逐字人工审阅全部历史用例","root/independent_review","","未另确认缺陷；不等于证明无缺陷","passed：8通过/0失败；final-vitest.json","2d396c7b661aacbd7701fada8653107d7cbc9feb7f119fdb129b3f9717544cc4","9558","交付快照"
"tests/appearanceFeedback.test.js","测试/夹具","自有","常规","已纳入并检查（方法及运行限制见本行）","完整AST/导入与断言结构审查；实际全库执行；不宣称逐字人工审阅全部历史用例","root/independent_review","","未另确认缺陷；不等于证明无缺陷","passed：3通过/0失败；final-vitest.json","1dc98b7eaa5fdb2447e0240c4de7f76022beca9db254b0c69ea5941090207164","2651","交付快照"
"tests/archiveWeekly.test.js","测试/夹具","自有","常规","已纳入并检查（方法及运行限制见本行）","完整AST/导入与断言结构审查；实际全库执行；不宣称逐字人工审阅全部历史用例","root/independent_review","","未另确认缺陷；不等于证明无缺陷","passed：6通过/0失败；final-vitest.json","f264ec9feb11e3a2caaf75c523fbc2f86305ec9b371de5a149b467712d70a261","6238","交付快照"
"tests/ariaHiddenFocusable.test.js","测试/夹具","自有","常规","已纳入并检查（方法及运行限制见本行）","完整AST/导入与断言结构审查；实际全库执行；不宣称逐字人工审阅全部历史用例","root/independent_review","","未另确认缺陷；不等于证明无缺陷","passed：6通过/0失败；final-vitest.json","c786ef2670764a458d6356f4dcd721e303a915ae005897eff21d9b267707f66c","9345","交付快照"
"tests/asyncTask.test.js","测试/夹具","自有","较高（数据/权限/时间/金额/运行边界）","已纳入并检查（方法及运行限制见本行）","完整AST/导入与断言结构审查；实际全库执行；不宣称逐字人工审阅全部历史用例","root/independent_review","","未另确认缺陷；不等于证明无缺陷","passed：2通过/0失败；final-vitest.json","d4106d2b2522ce793903b7cc56c0c916d19f12e7dd7532a629181a48442525e6","1108","交付快照"
"tests/auditFixes.test.js","测试/夹具","自有","常规","已纳入并检查（方法及运行限制见本行）","完整AST/导入与断言结构审查；实际全库执行；不宣称逐字人工审阅全部历史用例","root/independent_review","","未另确认缺陷；不等于证明无缺陷","passed：10通过/0失败；final-vitest.json","82e802b60d4bfade317482be6516bc22f05d165ded00eedf730104ff4b26eb80","4559","交付快照"
"tests/backupArchive.test.js","测试/夹具","自有","较高（数据/权限/时间/金额/运行边界）","已纳入并检查（方法及运行限制见本行）","完整AST/导入与断言结构审查；实际全库执行；不宣称逐字人工审阅全部历史用例","root/independent_review","","未另确认缺陷；不等于证明无缺陷","passed：9通过/0失败；final-vitest.json","45ad107d36afb56fe03e7bbcd827cbcb9044885ec6b31470e23c78acaa5db710","4310","交付快照"
"tests/backupIntegrity.test.js","测试/夹具","自有","较高（数据/权限/时间/金额/运行边界）","已纳入并检查（方法及运行限制见本行）","完整AST/导入与断言结构审查；实际全库执行；不宣称逐字人工审阅全部历史用例","root/independent_review","","未另确认缺陷；不等于证明无缺陷","passed：8通过/0失败；final-vitest.json","39268d9d92099ccc4dc91af4c9f0215874df7fc99be88ba4b85f397d20cb79e1","5849","交付快照"
"tests/backupRestore.test.js","测试/夹具","自有","较高（数据/权限/时间/金额/运行边界）","已纳入并检查（方法及运行限制见本行）","完整AST/导入与断言结构审查；实际全库执行；不宣称逐字人工审阅全部历史用例","root/independent_review","","未另确认缺陷；不等于证明无缺陷","passed：3通过/0失败；final-vitest.json","531875b1a5eec945c954d30c60b997940bee8e25baa640c19f1230922df638a6","1231","交付快照"
"tests/checklistModel.test.js","测试/夹具","自有","常规","已纳入并检查（方法及运行限制见本行）","完整AST/导入与断言结构审查；实际全库执行；不宣称逐字人工审阅全部历史用例","root/independent_review","","未另确认缺陷；不等于证明无缺陷","passed：5通过/0失败；final-vitest.json","c1b11395a73759ec282103a958b8dbc5a6424a368fcf0800db37701648406739","3734","交付快照"
"tests/checklists.test.js","测试/夹具","自有","常规","已纳入并检查（方法及运行限制见本行）","完整AST/导入与断言结构审查；实际全库执行；不宣称逐字人工审阅全部历史用例","root/independent_review","","未另确认缺陷；不等于证明无缺陷","passed：7通过/0失败；final-vitest.json","20792fb8323d54d3a123da0567ec0cd732113d8feb5dee55cd66049819a280c5","7962","交付快照"
"tests/checklistsInteractions.test.js","测试/夹具","自有","常规","已纳入并检查（方法及运行限制见本行）","完整AST/导入与断言结构审查；实际全库执行；不宣称逐字人工审阅全部历史用例","root/independent_review","","未另确认缺陷；不等于证明无缺陷","passed：10通过/0失败；final-vitest.json","c4487e6c2176e861eaec3770176f417f24f132dc9f7e40ba78c2ce2a5c87de8c","10025","交付快照"
"tests/componentDeadCss.test.js","测试/夹具","自有","常规","已纳入并检查（方法及运行限制见本行）","完整AST/导入与断言结构审查；实际全库执行；不宣称逐字人工审阅全部历史用例","root/independent_review","","未另确认缺陷；不等于证明无缺陷","passed：4通过/0失败；final-vitest.json","275ff35647c8103bfed3f6cc92992922ab7b4f66631b11c755081deb6e133475","9886","交付快照"
"tests/componentEmitContract.test.js","测试/夹具","自有","常规","已纳入并检查（方法及运行限制见本行）","完整AST/导入与断言结构审查；实际全库执行；不宣称逐字人工审阅全部历史用例","root/independent_review","","未另确认缺陷；不等于证明无缺陷","passed：6通过/0失败；final-vitest.json","dbc2d29ba2dba98e243efbb17500573746a92e881c179fc6d187971cdc11e532","10062","交付快照"
"tests/confirmDialogMigration.test.js","测试/夹具","自有","常规","已纳入并检查（方法及运行限制见本行）","完整AST/导入与断言结构审查；实际全库执行；不宣称逐字人工审阅全部历史用例","root/independent_review","","未另确认缺陷；不等于证明无缺陷","passed：18通过/0失败；final-vitest.json","c4c47dd6371e03817404411223d100fc8f5f5a1c970e53347994d6bd53cf07af","38215","交付快照"
"tests/conflictDetection.test.js","测试/夹具","自有","常规","已纳入并检查（方法及运行限制见本行）","完整AST/导入与断言结构审查；实际全库执行；不宣称逐字人工审阅全部历史用例","root/independent_review","","未另确认缺陷；不等于证明无缺陷","passed：4通过/0失败；final-vitest.json","c5ad66e3f43836d7e2b6b46d675748880bf79075dd8749ce72482af15a1dd84f","1956","交付快照"
"tests/contextMenu.test.js","测试/夹具","自有","常规","已纳入并检查（方法及运行限制见本行）","完整AST/导入与断言结构审查；实际全库执行；不宣称逐字人工审阅全部历史用例","root/independent_review","","未另确认缺陷；不等于证明无缺陷","passed：18通过/0失败；final-vitest.json","ef4f8eed1e0c73357080ad76868501339428084c58a7757866b6da32c690ce9b","9189","交付快照"
"tests/contrastAudit.test.js","测试/夹具","自有","常规","已纳入并检查（方法及运行限制见本行）","完整AST/导入与断言结构审查；实际全库执行；不宣称逐字人工审阅全部历史用例","root/independent_review","","未另确认缺陷；不等于证明无缺陷","passed：47通过/0失败；final-vitest.json","f8f44dca632e53cae1fc768005f77621d1e77de17981e9b95ceb7b829a31753d","44809","交付快照"
"tests/countdown.test.js","测试/夹具","自有","常规","已纳入并检查（方法及运行限制见本行）","完整AST/导入与断言结构审查；实际全库执行；不宣称逐字人工审阅全部历史用例","root/independent_review","","未另确认缺陷；不等于证明无缺陷","passed：9通过/0失败；final-vitest.json","0f348c2c4a3478390b62d6369ebd9bf10be9710ba4aa08cc8ee7cb0a843da0c9","2420","交付快照"
"tests/courierAbsence.test.js","测试/夹具","自有","常规","已纳入并检查（方法及运行限制见本行）","完整AST/导入与断言结构审查；实际全库执行；不宣称逐字人工审阅全部历史用例","root/independent_review","","未另确认缺陷；不等于证明无缺陷","passed：3通过/0失败；final-vitest.json","e88f2bd35dbf802dae69d2c3fe165435284f216fbd3974aaa0bab97c53886a64","3309","交付快照"
"tests/courseImport.test.js","测试/夹具","自有","常规","已纳入并检查（方法及运行限制见本行）","完整AST/导入与断言结构审查；实际全库执行；不宣称逐字人工审阅全部历史用例","root/independent_review","","未另确认缺陷；不等于证明无缺陷","passed：4通过/0失败；final-vitest.json","c9dddd1e107de7e6f67ef95fec96f377e0e485d40b74dc0491788e8fdc42ff2b","2647","交付快照"
"tests/courseLinksNavigation.test.js","测试/夹具","自有","常规","已纳入并检查（方法及运行限制见本行）","完整AST/导入与断言结构审查；实际全库执行；不宣称逐字人工审阅全部历史用例","root/independent_review","","未另确认缺陷；不等于证明无缺陷","passed：4通过/0失败；final-vitest.json","bbaae097816ac9639e1ec66253057f21146bd94d8fa9f3ab9c4374bb2082d02f","1974","交付快照"
"tests/courseParser.test.js","测试/夹具","自有","常规","已纳入并检查（方法及运行限制见本行）","完整AST/导入与断言结构审查；实际全库执行；不宣称逐字人工审阅全部历史用例","root/independent_review","","未另确认缺陷；不等于证明无缺陷","passed：5通过/0失败；final-vitest.json","e2003d9874886c7bc6a15d025a172e1563b407c1c0f795ededc9ac32f5909c1f","2261","交付快照"
"tests/coursePeriodMigration.test.js","测试/夹具","自有","常规","已纳入并检查（方法及运行限制见本行）","完整AST/导入与断言结构审查；实际全库执行；不宣称逐字人工审阅全部历史用例","root/independent_review","","未另确认缺陷；不等于证明无缺陷","passed：2通过/0失败；final-vitest.json","5ab7e088bad0a3699df55ed5bd719c7a9a992bdf4b827a92346b359e444de9e3","1091","交付快照"
"tests/courseProgress.test.js","测试/夹具","自有","常规","已纳入并检查（方法及运行限制见本行）","完整AST/导入与断言结构审查；实际全库执行；不宣称逐字人工审阅全部历史用例","root/independent_review","","未另确认缺陷；不等于证明无缺陷","passed：6通过/0失败；final-vitest.json","3fe7ab734d704b43f62c12a3c2b2c8cb6581fd50a9a79116b689bddd85316c31","7427","交付快照"
"tests/courseProgressView.test.js","测试/夹具","自有","常规","已纳入并检查（方法及运行限制见本行）","完整AST/导入与断言结构审查；实际全库执行；不宣称逐字人工审阅全部历史用例","root/independent_review","","未另确认缺陷；不等于证明无缺陷","passed：5通过/0失败；final-vitest.json","399bb38d352dfa9b28d045abb625ef4ae143c8f31614e19993dd7486d65cc133","7781","交付快照"
"tests/courseTemplateDate.test.js","测试/夹具","自有","常规","已纳入并检查（方法及运行限制见本行）","完整AST/导入与断言结构审查；实际全库执行；不宣称逐字人工审阅全部历史用例","root/independent_review","","未另确认缺陷；不等于证明无缺陷","passed：2通过/0失败；final-vitest.json","7e29eb9629bc9a7e44ad0e25a1a8de069c13dafdc8c8676636ca8dd10ccb6016","5824","交付快照"
"tests/cssOrderSensitivity.test.js","测试/夹具","自有","常规","已纳入并检查（方法及运行限制见本行）","完整AST/导入与断言结构审查；实际全库执行；不宣称逐字人工审阅全部历史用例","root/independent_review","","未另确认缺陷；不等于证明无缺陷","passed：1通过/0失败；final-vitest.json","51899df5aa5c28f63f4104c3cb9056928ce794f96eafafa8dca2feb80319ca20","6478","交付快照"
"tests/cssRules.test.js","测试/夹具","自有","常规","已纳入并检查（方法及运行限制见本行）","完整AST/导入与断言结构审查；实际全库执行；不宣称逐字人工审阅全部历史用例","root/independent_review","","未另确认缺陷；不等于证明无缺陷","passed：13通过/0失败；final-vitest.json","5936ac96f98b305c4f47a413c4f485edec959fb06b8289fc45d6fefe374d9d3a","12128","交付快照"
"tests/dataManagerInventory.test.js","测试/夹具","自有","常规","已纳入并检查（方法及运行限制见本行）","完整AST/导入与断言结构审查；实际全库执行；不宣称逐字人工审阅全部历史用例","root/independent_review","","未另确认缺陷；不等于证明无缺陷","passed：7通过/0失败；final-vitest.json","489b0b37acae46a6df795da5684ad9ee4c9fe8285752d3579d7fd578bb663fe4","3448","交付快照"
"tests/dataManagerRestoreNav.test.js","测试/夹具","自有","常规","已纳入并检查（方法及运行限制见本行）","完整AST/导入与断言结构审查；实际全库执行；不宣称逐字人工审阅全部历史用例","root/independent_review","","未另确认缺陷；不等于证明无缺陷","passed：5通过/0失败；final-vitest.json","f2843e19bd85d2dc35a2c53177581b06960ab4342212d1554c4962b7f856d825","6058","交付快照"
"tests/dataManagerWorkflow.test.js","测试/夹具","自有","常规","已纳入并检查（方法及运行限制见本行）","完整AST/导入与断言结构审查；实际全库执行；不宣称逐字人工审阅全部历史用例","root/independent_review","","未另确认缺陷；不等于证明无缺陷","passed：10通过/0失败；final-vitest.json","1cecf445fdad45e53d420f87498e6f3060a7ea18ac188dd6403d0f54c4f0f25e","10549","交付快照"
"tests/dataVault.test.js","测试/夹具","自有","较高（数据/权限/时间/金额/运行边界）","已纳入并检查（方法及运行限制见本行）","完整AST/导入与断言结构审查；实际全库执行；不宣称逐字人工审阅全部历史用例","root/independent_review","","未另确认缺陷；不等于证明无缺陷","passed：4通过/0失败；final-vitest.json","604bba2e728150cc6a1868253b7801302467b5a4667d26ebd5b59db903702371","1180","交付快照"
"tests/dateAndAnniversary.test.js","测试/夹具","自有","常规","已纳入并检查（方法及运行限制见本行）","完整AST/导入与断言结构审查；实际全库执行；不宣称逐字人工审阅全部历史用例","root/independent_review","","未另确认缺陷；不等于证明无缺陷","passed：19通过/0失败；final-vitest.json","330259e0e0b894c8361ee76bfe7a4e24ad25e17f32e5a8638a3c6b8b210c422d","9157","交付快照"
"tests/deployProductionGuard.test.js","测试/夹具","自有","常规","已纳入并检查（方法及运行限制见本行）","完整AST/导入与断言结构审查；实际全库执行；不宣称逐字人工审阅全部历史用例","root/independent_review","","未另确认缺陷；不等于证明无缺陷","passed：1通过/0失败；final-vitest.json","280b4ce38941e17894982f3a490d08cab7fdbc95c3ad500e9aea8fdd4c46dc94","878","交付快照"
"tests/designTokenExport.test.js","测试/夹具","自有","常规","已纳入并检查（方法及运行限制见本行）","完整AST/导入与断言结构审查；实际全库执行；不宣称逐字人工审阅全部历史用例","root/independent_review","","未另确认缺陷；不等于证明无缺陷","passed：13通过/0失败；final-vitest.json","83a7f58b4a4b857a5398bde1ca57c32c013772dba1bc6ac6ea23bad5f14ba038","7646","交付快照"
"tests/desktopAppUpdate.test.js","测试/夹具","自有","较高（数据/权限/时间/金额/运行边界）","已纳入并检查（方法及运行限制见本行）","完整AST/导入与断言结构审查；实际全库执行；不宣称逐字人工审阅全部历史用例","root/independent_review","","未另确认缺陷；不等于证明无缺陷","passed：2通过/0失败；final-vitest.json","0598bbd4f0484b2acff11a819f1b1f8a48b4e0c8d209371441e37e3f8d0a83c6","2460","交付快照"
"tests/desktopCachePaths.test.js","测试/夹具","自有","较高（数据/权限/时间/金额/运行边界）","已纳入并检查（方法及运行限制见本行）","完整AST/导入与断言结构审查；实际全库执行；不宣称逐字人工审阅全部历史用例","root/independent_review","","未另确认缺陷；不等于证明无缺陷","passed：2通过/0失败；final-vitest.json","9d1d6269370be93e801d1296f8c27ecd2fce9816890f32787a11bb45f846dc28","1045","交付快照"
"tests/desktopSignature.test.js","测试/夹具","自有","较高（数据/权限/时间/金额/运行边界）","已纳入并检查（方法及运行限制见本行）","完整AST/导入与断言结构审查；实际全库执行；不宣称逐字人工审阅全部历史用例","root/independent_review","","未另确认缺陷；不等于证明无缺陷","passed：1通过/0失败；final-vitest.json","bb68be484dbfbc8150c8bb822460cdeeffc3de12c8257f4ca4002a3ffe67d864","596","交付快照"
"tests/desktopUpdaterConfig.test.js","测试/夹具","自有","较高（数据/权限/时间/金额/运行边界）","已纳入并检查（方法及运行限制见本行）","完整AST/导入与断言结构审查；实际全库执行；不宣称逐字人工审阅全部历史用例","root/independent_review","","未另确认缺陷；不等于证明无缺陷","passed：3通过/0失败；final-vitest.json","535afe345a8614285647a66e52e157f459bc54f3e0bd707317119d81920f2e84","907","交付快照"
"tests/desktopUpdaterController.test.js","测试/夹具","自有","较高（数据/权限/时间/金额/运行边界）","已纳入并检查（方法及运行限制见本行）","完整AST/导入与断言结构审查；实际全库执行；不宣称逐字人工审阅全部历史用例","root/independent_review","","未另确认缺陷；不等于证明无缺陷","passed：3通过/0失败；final-vitest.json","7bbc3fcc8cfae921060198a76d30e5eb2ee474dbbd31d234dddcde526aa3d825","2924","交付快照"
"tests/disclosureExpanded.test.js","测试/夹具","自有","常规","已纳入并检查（方法及运行限制见本行）","完整AST/导入与断言结构审查；实际全库执行；不宣称逐字人工审阅全部历史用例","root/independent_review","","未另确认缺陷；不等于证明无缺陷","passed：13通过/0失败；final-vitest.json","991edbbf326481e35e589ebaa4d0bce731582fff2026253b7f8c443acb613545","11117","交付快照"
"tests/domain.test.js","测试/夹具","自有","常规","已纳入并检查（方法及运行限制见本行）","完整AST/导入与断言结构审查；实际全库执行；不宣称逐字人工审阅全部历史用例","root/independent_review","","未另确认缺陷；不等于证明无缺陷","passed：12通过/0失败；final-vitest.json","4eae8b174c183841dd14b3120928fd0713bc675faf11d7632b1fcc539de12d4d","7880","交付快照"
"tests/domainCsvImport.test.js","测试/夹具","自有","常规","已纳入并检查（方法及运行限制见本行）","完整AST/导入与断言结构审查；实际全库执行；不宣称逐字人工审阅全部历史用例","root/independent_review","","未另确认缺陷；不等于证明无缺陷","passed：1通过/0失败；final-vitest.json","a2fc8361d402a53f839258c0b459efdffd26c886c77136e25ace3aa55dca539c","978","交付快照"
"tests/drawerDrag.test.js","测试/夹具","自有","常规","已纳入并检查（方法及运行限制见本行）","完整AST/导入与断言结构审查；实际全库执行；不宣称逐字人工审阅全部历史用例","root/independent_review","","未另确认缺陷；不等于证明无缺陷","passed：26通过/0失败；final-vitest.json","b44df1a36d3e503f4fa758d41edbdc24a7083ffd4c66cea03f4aaee4921d413f","9706","交付快照"
"tests/engineeringAuditHarness.test.js","测试/夹具","自有","高","已纳入并检查（方法及运行限制见本行）","完整AST/导入与断言结构审查；实际全库执行；不宣称逐字人工审阅全部历史用例","root/independent_review","R02;R03;R04","修复；证据见审计及测试报告;修复；证据见审计及测试报告;修复；证据见审计及测试报告","passed：12通过/0失败；final-vitest.json","7d2ee83a982ef4fd5623bcf391135a925af84387c7b5fea1fa929b6af98d8f4e","2825","交付快照"
"tests/engineeringBackendEdge.test.js","测试/夹具","自有","常规","已纳入并检查（方法及运行限制见本行）","完整AST/导入与断言结构审查；实际全库执行；不宣称逐字人工审阅全部历史用例","backend_audit/independent_review","","未另确认缺陷；不等于证明无缺陷","passed：8通过/0失败；final-vitest.json","579f2563f64f469dc5ada0bcca1c999181d342a98f5aaef59e14e2d071200ba9","9537","交付快照"
"tests/engineeringBackendRegression.test.js","测试/夹具","自有","常规","已纳入并检查（方法及运行限制见本行）","完整AST/导入与断言结构审查；实际全库执行；不宣称逐字人工审阅全部历史用例","backend_audit/independent_review","","未另确认缺陷；不等于证明无缺陷","passed：12通过/0失败；final-vitest.json","ffe502eb501dfdf121947fa685e778cb385a4a9fb2fd3718ccff471d5d066f2f","9495","交付快照"
"tests/engineeringConfig.test.js","测试/夹具","自有","中","已纳入并检查（方法及运行限制见本行）","完整AST/导入与断言结构审查；实际全库执行；不宣称逐字人工审阅全部历史用例","root/independent_review","R01","修复；证据见审计及测试报告","passed：2通过/0失败；final-vitest.json","392e4d28100225a80ee0b4ee2827381c7082893c28b21a5efdc3902a9d1b0ec3","1802","交付快照"
"tests/engineeringDataActionCenter.test.js","测试/夹具","自有","常规","已纳入并检查（方法及运行限制见本行）","完整AST/导入与断言结构审查；实际全库执行；不宣称逐字人工审阅全部历史用例","root/independent_review","","未另确认缺陷；不等于证明无缺陷","passed：2通过/0失败；final-vitest.json","1310861599e1677bef381421756c01c66170b8e901e52ce2fb5a321be90cfa67","1390","交付快照"
"tests/engineeringDataAnnualMilestones.test.js","测试/夹具","自有","常规","已纳入并检查（方法及运行限制见本行）","完整AST/导入与断言结构审查；实际全库执行；不宣称逐字人工审阅全部历史用例","root/independent_review","","未另确认缺陷；不等于证明无缺陷","passed：2通过/0失败；final-vitest.json","f87c8d0b1de4f2852bd7dccbadbedd985b9bd23f221b232a6147194423225159","1042","交付快照"
"tests/engineeringDataCalendar.test.js","测试/夹具","自有","常规","已纳入并检查（方法及运行限制见本行）","完整AST/导入与断言结构审查；实际全库执行；不宣称逐字人工审阅全部历史用例","root/independent_review","","未另确认缺陷；不等于证明无缺陷","passed：10通过/0失败；final-vitest.json","0e13371cbc09c964f2cacdf11f939750c531e8b0390e8563e1f3297e9ad76827","1203","交付快照"
"tests/engineeringDataImportCancellation.test.js","测试/夹具","自有","常规","已纳入并检查（方法及运行限制见本行）","完整AST/导入与断言结构审查；实际全库执行；不宣称逐字人工审阅全部历史用例","root/independent_review","","未另确认缺陷；不等于证明无缺陷","passed：4通过/0失败；final-vitest.json","796376a524b4b90b060f1bb09700cd4747131c58b40a2b9b08da9046546dc15a","4867","交付快照"
"tests/engineeringDataImportConcurrency.test.js","测试/夹具","自有","常规","已纳入并检查（方法及运行限制见本行）","完整AST/导入与断言结构审查；实际全库执行；不宣称逐字人工审阅全部历史用例","root/independent_review","","未另确认缺陷；不等于证明无缺陷","passed：9通过/0失败；final-vitest.json","5a681785ecc97afc98ca5f32debe5f0e0a9f059b35db82a9e75b97a832bf9328","7670","交付快照"
"tests/engineeringDataImportValidation.test.js","测试/夹具","自有","常规","已纳入并检查（方法及运行限制见本行）","完整AST/导入与断言结构审查；实际全库执行；不宣称逐字人工审阅全部历史用例","root/independent_review","","未另确认缺陷；不等于证明无缺陷","passed：10通过/0失败；final-vitest.json","cde3eca329870c6f3a2bde65fd47b15ca64dd667eb4b31d254dc385b8c1df48d","3793","交付快照"
"tests/engineeringDataPasteLifetime.test.js","测试/夹具","自有","常规","已纳入并检查（方法及运行限制见本行）","完整AST/导入与断言结构审查；实际全库执行；不宣称逐字人工审阅全部历史用例","root/independent_review","","未另确认缺陷；不等于证明无缺陷","passed：3通过/0失败；final-vitest.json","bcb32284ff63bec7838bc4105af51aacf3056208e92c4d184c89d06012ba6c30","2871","交付快照"
"tests/engineeringDataPersistence.test.js","测试/夹具","自有","较高（数据/权限/时间/金额/运行边界）","已纳入并检查（方法及运行限制见本行）","完整AST/导入与断言结构审查；实际全库执行；不宣称逐字人工审阅全部历史用例","root/independent_review","","未另确认缺陷；不等于证明无缺陷","passed：6通过/0失败；final-vitest.json","3ab675112057797e67dd0a812778445705c3d48dd3c2a44148fb87c80325f28f","4178","交付快照"
"tests/engineeringDataProjectQueue.test.js","测试/夹具","自有","较高（数据/权限/时间/金额/运行边界）","已纳入并检查（方法及运行限制见本行）","完整AST/导入与断言结构审查；实际全库执行；不宣称逐字人工审阅全部历史用例","root/independent_review","","未另确认缺陷；不等于证明无缺陷","passed：2通过/0失败；final-vitest.json","43858a25d365f6976022ddfab4710b5257767b7b08e84a696cf5741fc98a21a3","3589","交付快照"
"tests/engineeringDataProjectWorkbench.test.js","测试/夹具","自有","较高（数据/权限/时间/金额/运行边界）","已纳入并检查（方法及运行限制见本行）","完整AST/导入与断言结构审查；实际全库执行；不宣称逐字人工审阅全部历史用例","root/independent_review","","未另确认缺陷；不等于证明无缺陷","passed：4通过/0失败；final-vitest.json","0abadbe614d67b81fe938a7304f310a94ac0552ca5eb0e9528a3130a1ee084b4","4881","交付快照"
"tests/engineeringDataRetirement.test.js","测试/夹具","自有","常规","已纳入并检查（方法及运行限制见本行）","完整AST/导入与断言结构审查；实际全库执行；不宣称逐字人工审阅全部历史用例","root/independent_review","","未另确认缺陷；不等于证明无缺陷","passed：1通过/0失败；final-vitest.json","bc1f466af6fa462d97842db6a9678d31b61ab0b49e8b7726bd31095dd3929a71","1484","交付快照"
"tests/engineeringDataRetrospectiveFx.test.js","测试/夹具","自有","常规","已纳入并检查（方法及运行限制见本行）","完整AST/导入与断言结构审查；实际全库执行；不宣称逐字人工审阅全部历史用例","root/independent_review","","未另确认缺陷；不等于证明无缺陷","passed：6通过/0失败；final-vitest.json","3e65adf2d833b502be35046563f9f101bba78f5ea2e5a57ae95acb78aa7ac014","3154","交付快照"
"tests/engineeringDataVaultRace.test.js","测试/夹具","自有","较高（数据/权限/时间/金额/运行边界）","已纳入并检查（方法及运行限制见本行）","完整AST/导入与断言结构审查；实际全库执行；不宣称逐字人工审阅全部历史用例","root/independent_review","","未另确认缺陷；不等于证明无缺陷","passed：2通过/0失败；final-vitest.json","150977c95e3be70d2de3998618ccf415ff455fdebcc4f6a5a077345d557e1c92","2789","交付快照"
"tests/engineeringDataWallpaperCommit.test.js","测试/夹具","自有","常规","已纳入并检查（方法及运行限制见本行）","完整AST/导入与断言结构审查；实际全库执行；不宣称逐字人工审阅全部历史用例","root/independent_review","","未另确认缺陷；不等于证明无缺陷","passed：3通过/0失败；final-vitest.json","b34c2203f33675e6dfbc20b36ed6ba0c3e9fd357bebdad5503779eab9ac90b55","1516","交付快照"
"tests/engineeringFormatterDates.test.js","测试/夹具","自有","中","已纳入并检查（方法及运行限制见本行）","完整AST/导入与断言结构审查；实际全库执行；不宣称逐字人工审阅全部历史用例","root/independent_review","R09","修复；证据见审计及测试报告","passed：4通过/0失败；final-vitest.json","9967986d121b9e98cc406cba2edb77bf4c1c8669cb59e8f7f16797a8ed059b2b","1629","交付快照"
"tests/engineeringFrontendCalendarLifecycle.test.js","测试/夹具","自有","常规","已纳入并检查（方法及运行限制见本行）","完整AST/导入与断言结构审查；实际全库执行；不宣称逐字人工审阅全部历史用例","root/independent_review","","未另确认缺陷；不等于证明无缺陷","passed：4通过/0失败；final-vitest.json","d5aff5676ef48de1b8f29d8bfd0386af95f3dd8a2433b8113588d8e9c1994d9d","3258","交付快照"
"tests/engineeringFrontendCropLayout.test.js","测试/夹具","自有","常规","已纳入并检查（方法及运行限制见本行）","完整AST/导入与断言结构审查；实际全库执行；不宣称逐字人工审阅全部历史用例","root/independent_review","","未另确认缺陷；不等于证明无缺陷","passed：1通过/0失败；final-vitest.json","09f151a0a25fee2d566bc8e36161ffe127e7159f39d5ac4c2e274efa441557c5","843","交付快照"
"tests/engineeringFrontendFinanceForms.test.js","测试/夹具","自有","常规","已纳入并检查（方法及运行限制见本行）","完整AST/导入与断言结构审查；实际全库执行；不宣称逐字人工审阅全部历史用例","root/independent_review","","未另确认缺陷；不等于证明无缺陷","passed：2通过/0失败；final-vitest.json","57db2019a423725ff07d04cc7b3f3b82544a2472dedf741d1ed74589b1eac9fe","1700","交付快照"
"tests/engineeringFrontendInteractions.test.js","测试/夹具","自有","常规","已纳入并检查（方法及运行限制见本行）","完整AST/导入与断言结构审查；实际全库执行；不宣称逐字人工审阅全部历史用例","root/independent_review","","未另确认缺陷；不等于证明无缺陷","passed：4通过/0失败；final-vitest.json","a0c647601059a3877ff5698996d64ff6b381bc2f9211e99e6ca923d6f8a589a5","2860","交付快照"
"tests/engineeringFrontendPagesCsp.test.js","测试/夹具","自有","常规","已纳入并检查（方法及运行限制见本行）","完整AST/导入与断言结构审查；实际全库执行；不宣称逐字人工审阅全部历史用例","root/independent_review","","未另确认缺陷；不等于证明无缺陷","passed：5通过/0失败；final-vitest.json","015a74ac03955c5830a040a92b111ac3f65feaf00c3909b590e3d81f9cf53354","3474","交付快照"
"tests/engineeringFrontendProjectsLifecycle.test.js","测试/夹具","自有","较高（数据/权限/时间/金额/运行边界）","已纳入并检查（方法及运行限制见本行）","完整AST/导入与断言结构审查；实际全库执行；不宣称逐字人工审阅全部历史用例","root/independent_review","","未另确认缺陷；不等于证明无缺陷","passed：19通过/0失败；final-vitest.json","173e1c35b66c181d658afba3a6b6577a8636d396848f1146ed9e2133e12b4c32","22289","交付快照"
"tests/engineeringFrontendSocialLifecycle.test.js","测试/夹具","自有","常规","已纳入并检查（方法及运行限制见本行）","完整AST/导入与断言结构审查；实际全库执行；不宣称逐字人工审阅全部历史用例","root/independent_review","","未另确认缺陷；不等于证明无缺陷","passed：6通过/0失败；final-vitest.json","168969dfee48ebac0cc0d4cdd5f67ab0857541d6a3cfdd43f853c0ce321180b8","5810","交付快照"
"tests/engineeringFrontendSwipe.test.js","测试/夹具","自有","常规","已纳入并检查（方法及运行限制见本行）","完整AST/导入与断言结构审查；实际全库执行；不宣称逐字人工审阅全部历史用例","root/independent_review","","未另确认缺陷；不等于证明无缺陷","passed：4通过/0失败；final-vitest.json","77519bc5c3075d6d95719fe0530dd7221f89609dce8059ecf3580f56548203eb","2574","交付快照"
"tests/engineeringFrontendWallpaper.test.js","测试/夹具","自有","常规","已纳入并检查（方法及运行限制见本行）","完整AST/导入与断言结构审查；实际全库执行；不宣称逐字人工审阅全部历史用例","root/independent_review","","未另确认缺陷；不等于证明无缺陷","passed：4通过/0失败；final-vitest.json","42df931e5f8dd73bfd41f51219ac481d7d82ecfec150228fce3de603240af527","3969","交付快照"
"tests/engineeringShellStorage.test.js","测试/夹具","自有","中","已纳入并检查（方法及运行限制见本行）","完整AST/导入与断言结构审查；实际全库执行；不宣称逐字人工审阅全部历史用例","root/independent_review","R08","修复；证据见审计及测试报告","passed：3通过/0失败；final-vitest.json","1297571dfef67d23f3f59779533b82c75b8ac379080f49fb2d7bfaa2d5bb6415","3491","交付快照"
"tests/errorAnnouncement.test.js","测试/夹具","自有","常规","已纳入并检查（方法及运行限制见本行）","完整AST/导入与断言结构审查；实际全库执行；不宣称逐字人工审阅全部历史用例","root/independent_review","","未另确认缺陷；不等于证明无缺陷","passed：11通过/0失败；final-vitest.json","93e3ffc5ed736930638c15f7afd353a20e4f8112424bced279e3378b6f6e1830","15390","交付快照"
"tests/eventCalendarExport.test.js","测试/夹具","自有","常规","已纳入并检查（方法及运行限制见本行）","完整AST/导入与断言结构审查；实际全库执行；不宣称逐字人工审阅全部历史用例","root/independent_review","","未另确认缺陷；不等于证明无缺陷","passed：6通过/0失败；final-vitest.json","1295750bc37cbcdbbb56ae1ea3a1ecdfe60bd19869ef27ce0b636bb9aa842a62","3142","交付快照"
"tests/eventConflicts.test.js","测试/夹具","自有","常规","已纳入并检查（方法及运行限制见本行）","完整AST/导入与断言结构审查；实际全库执行；不宣称逐字人工审阅全部历史用例","root/independent_review","","未另确认缺陷；不等于证明无缺陷","passed：3通过/0失败；final-vitest.json","25bd65c4ed1a5a3b7e35888f5fa1cdc3a40380c59aa48340d31383f1a0bcea83","3781","交付快照"
"tests/eventPlanning.test.js","测试/夹具","自有","常规","已纳入并检查（方法及运行限制见本行）","完整AST/导入与断言结构审查；实际全库执行；不宣称逐字人工审阅全部历史用例","root/independent_review","","未另确认缺陷；不等于证明无缺陷","passed：16通过/0失败；final-vitest.json","a77dbe9f7ecbfc2d9ea5355ad3d4ef5546f37ba574eeae752d0072897fce231b","5081","交付快照"
"tests/eventReminderPersistence.test.js","测试/夹具","自有","较高（数据/权限/时间/金额/运行边界）","已纳入并检查（方法及运行限制见本行）","完整AST/导入与断言结构审查；实际全库执行；不宣称逐字人工审阅全部历史用例","root/independent_review","","未另确认缺陷；不等于证明无缺陷","passed：5通过/0失败；final-vitest.json","ede801398a52fc45270423c2b1378fcceef3cbbfb7e22dfca6d87b4844f585ab","4113","交付快照"
"tests/eventsInteractions.test.js","测试/夹具","自有","常规","已纳入并检查（方法及运行限制见本行）","完整AST/导入与断言结构审查；实际全库执行；不宣称逐字人工审阅全部历史用例","root/independent_review","","未另确认缺陷；不等于证明无缺陷","passed：9通过/0失败；final-vitest.json","75579f80e3fcd1cde9efdb87cdb577dc776d3fc4919852599b32c25dce59422f","8559","交付快照"
"tests/excelTimetableParser.test.js","测试/夹具","自有","常规","已纳入并检查（方法及运行限制见本行）","完整AST/导入与断言结构审查；实际全库执行；不宣称逐字人工审阅全部历史用例","root/independent_review","","未另确认缺陷；不等于证明无缺陷","passed：3通过/0失败；final-vitest.json","3dbfcf2c681400a8914d8414fb96b594349f2434f1f6db04ea8b70191932344d","2298","交付快照"
"tests/experience.test.js","测试/夹具","自有","常规","已纳入并检查（方法及运行限制见本行）","完整AST/导入与断言结构审查；实际全库执行；不宣称逐字人工审阅全部历史用例","root/independent_review","","未另确认缺陷；不等于证明无缺陷","passed：7通过/0失败；final-vitest.json","ea55dd45657d82e7b261e8779598398cb766b4e2703c9bbc22e0187560a0f82b","3076","交付快照"
"tests/explicitCommitContract.test.js","测试/夹具","自有","常规","已纳入并检查（方法及运行限制见本行）","完整AST/导入与断言结构审查；实际全库执行；不宣称逐字人工审阅全部历史用例","root/independent_review","","未另确认缺陷；不等于证明无缺陷","passed：4通过/0失败；final-vitest.json","e95ad28e8373eeb1deea1da896f523aab3fa2895481028970f9ecd339bd5ff61","5277","交付快照"
"tests/festive.test.js","测试/夹具","自有","常规","已纳入并检查（方法及运行限制见本行）","完整AST/导入与断言结构审查；实际全库执行；不宣称逐字人工审阅全部历史用例","root/independent_review","","未另确认缺陷；不等于证明无缺陷","passed：9通过/0失败；final-vitest.json","59e27421c121f63dd5206fcb9489e1bc77b94d1de5cde8daef3a7cef53dd0ef0","3212","交付快照"
"tests/festiveLunarAnniversaryHome.test.js","测试/夹具","自有","常规","已纳入并检查（方法及运行限制见本行）","完整AST/导入与断言结构审查；实际全库执行；不宣称逐字人工审阅全部历史用例","root/independent_review","","未另确认缺陷；不等于证明无缺陷","passed：3通过/0失败；final-vitest.json","30bb3521219812d7aae3089774edbf35d59a01edb081d01976353e9c94793f8e","6093","交付快照"
"tests/festiveLunarAnniversaryUi.test.js","测试/夹具","自有","常规","已纳入并检查（方法及运行限制见本行）","完整AST/导入与断言结构审查；实际全库执行；不宣称逐字人工审阅全部历史用例","root/independent_review","","未另确认缺陷；不等于证明无缺陷","passed：8通过/0失败；final-vitest.json","a71e7b8004bab375595758d39079cd479db760036f9c6112f958856144e72209","11810","交付快照"
"tests/final2Ux.test.js","测试/夹具","自有","常规","已纳入并检查（方法及运行限制见本行）","完整AST/导入与断言结构审查；实际全库执行；不宣称逐字人工审阅全部历史用例","root/independent_review","","未另确认缺陷；不等于证明无缺陷","passed：2通过/0失败；final-vitest.json","654735b837e522f8bd118a45c1e2e29b75c356aa14dda6cc9decb73455d9d1c3","1457","交付快照"
"tests/fixtures/ledger-browser.html","测试/夹具","自有","较高（数据/权限/时间/金额/运行边界）","已纳入并检查（方法及运行限制见本行）","结构/导入/虚构内容与清理隔离审查；被套件使用情况；不宣称全部分支执行","root/independent_review","","未另确认缺陷；不等于证明无缺陷","静态检查、相关运行时回归或构建；每文件百分比未测出时不伪造","f1cf24f2609a9b15510d13a501ad65338f3790183a408d7df1d034a8dbd9b145","1695","交付快照"
"tests/floatingStack.test.js","测试/夹具","自有","常规","已纳入并检查（方法及运行限制见本行）","完整AST/导入与断言结构审查；实际全库执行；不宣称逐字人工审阅全部历史用例","root/independent_review","","未另确认缺陷；不等于证明无缺陷","passed：6通过/0失败；final-vitest.json","89c35a93d19810b487914f873db980d5ea6d1f782d106e15f72eb187b5d5d4ae","3153","交付快照"
"tests/focusNavigation.test.js","测试/夹具","自有","常规","已纳入并检查（方法及运行限制见本行）","完整AST/导入与断言结构审查；实际全库执行；不宣称逐字人工审阅全部历史用例","root/independent_review","","未另确认缺陷；不等于证明无缺陷","passed：3通过/0失败；final-vitest.json","310d01f1a42be5976c7083aa65e2a035aadc58c454dede5478aa343f00b5a070","1735","交付快照"
"tests/focusObscured.test.js","测试/夹具","自有","常规","已纳入并检查（方法及运行限制见本行）","完整AST/导入与断言结构审查；实际全库执行；不宣称逐字人工审阅全部历史用例","root/independent_review","","未另确认缺陷；不等于证明无缺陷","passed：13通过/0失败；final-vitest.json","a59d9ae7ab2756f71f6696c2e459ec013fedc9a6f4fba98349205499f186936f","14328","交付快照"
"tests/focusReturn.test.js","测试/夹具","自有","常规","已纳入并检查（方法及运行限制见本行）","完整AST/导入与断言结构审查；实际全库执行；不宣称逐字人工审阅全部历史用例","root/independent_review","","未另确认缺陷；不等于证明无缺陷","passed：10通过/0失败；final-vitest.json","70586a53d7158c4966dccded0316943e92ad817c9e708eb83aade8b64dc807f8","6295","交付快照"
"tests/focusSettingsEditor.test.js","测试/夹具","自有","常规","已纳入并检查（方法及运行限制见本行）","完整AST/导入与断言结构审查；实际全库执行；不宣称逐字人工审阅全部历史用例","root/independent_review","","未另确认缺陷；不等于证明无缺陷","passed：6通过/0失败；final-vitest.json","311bb5a50b60e2f7ddf90539026f93ec45e611b59f54eb4b2f686ae5e63d823b","2242","交付快照"
"tests/focusTimer.test.js","测试/夹具","自有","常规","已纳入并检查（方法及运行限制见本行）","完整AST/导入与断言结构审查；实际全库执行；不宣称逐字人工审阅全部历史用例","root/independent_review","","未另确认缺陷；不等于证明无缺陷","passed：10通过/0失败；final-vitest.json","62f4f89d736cf25e8042e67096645bc1eafbfc9febcc361890cb5dd9738c4465","7099","交付快照"
"tests/foodRetirement.test.js","测试/夹具","自有","常规","已纳入并检查（方法及运行限制见本行）","完整AST/导入与断言结构审查；实际全库执行；不宣称逐字人工审阅全部历史用例","root/independent_review","","未另确认缺陷；不等于证明无缺陷","passed：5通过/0失败；final-vitest.json","cb78dfb1fbc7808a37b18d86a03a9e609cf63c07fc9c3e10b13a79e04d321899","3729","交付快照"
"tests/formControlNames.test.js","测试/夹具","自有","常规","已纳入并检查（方法及运行限制见本行）","完整AST/导入与断言结构审查；实际全库执行；不宣称逐字人工审阅全部历史用例","root/independent_review","","未另确认缺陷；不等于证明无缺陷","passed：17通过/0失败；final-vitest.json","d78c11c224645e39ec29ca8c4a304abb4d0c41f72881fe7fffeacfbbc0a4aeff","7476","交付快照"
"tests/formValidationA11y.test.js","测试/夹具","自有","常规","已纳入并检查（方法及运行限制见本行）","完整AST/导入与断言结构审查；实际全库执行；不宣称逐字人工审阅全部历史用例","root/independent_review","","未另确认缺陷；不等于证明无缺陷","passed：3通过/0失败；final-vitest.json","9a6214b2cf59ef0e69005edd63ca313927cc7dee26175d80266fc907b6e0e5c8","6505","交付快照"
"tests/formatters.test.js","测试/夹具","自有","常规","已纳入并检查（方法及运行限制见本行）","完整AST/导入与断言结构审查；实际全库执行；不宣称逐字人工审阅全部历史用例","root/independent_review","","未另确认缺陷；不等于证明无缺陷","passed：6通过/0失败；final-vitest.json","22e05435eda745a3bb0ce5d830287b691c21e60f3998f672a0e988aa4fb301dd","1165","交付快照"
"tests/globalError.test.js","测试/夹具","自有","常规","已纳入并检查（方法及运行限制见本行）","完整AST/导入与断言结构审查；实际全库执行；不宣称逐字人工审阅全部历史用例","root/independent_review","","未另确认缺陷；不等于证明无缺陷","passed：4通过/0失败；final-vitest.json","7b178bf2e4976f103643d24c2744ce6475ba131de67825bcd9a26ee2e06b5fd2","1959","交付快照"
"tests/globalErrorAnnouncement.test.js","测试/夹具","自有","常规","已纳入并检查（方法及运行限制见本行）","完整AST/导入与断言结构审查；实际全库执行；不宣称逐字人工审阅全部历史用例","root/independent_review","","未另确认缺陷；不等于证明无缺陷","passed：9通过/0失败；final-vitest.json","f583ef08aa870788e684cf67f18137da20d28928811d96fe5d7c4554412a0092","9695","交付快照"
"tests/globalSearchShortcut.test.js","测试/夹具","自有","常规","已纳入并检查（方法及运行限制见本行）","完整AST/导入与断言结构审查；实际全库执行；不宣称逐字人工审阅全部历史用例","root/independent_review","","未另确认缺陷；不等于证明无缺陷","passed：6通过/0失败；final-vitest.json","25a52f4eb4a4370052f5c344f7f498379cc66bd81727c634f51726b05194c3c6","5397","交付快照"
"tests/hashSyncValueStability.test.js","测试/夹具","自有","常规","已纳入并检查（方法及运行限制见本行）","完整AST/导入与断言结构审查；实际全库执行；不宣称逐字人工审阅全部历史用例","root/independent_review","","未另确认缺陷；不等于证明无缺陷","passed：4通过/0失败；final-vitest.json","8c80eb136c00ac0b167ffc9be2b71438fb4b4cdcc222434a9d99469ee781bcba","2782","交付快照"
"tests/helpers/mirrorTeardown.js","测试/夹具","自有","常规","已纳入并检查（方法及运行限制见本行）","结构/导入/虚构内容与清理隔离审查；被套件使用情况；不宣称全部分支执行","root/independent_review","","未另确认缺陷；不等于证明无缺陷","实测覆盖：行100%/分支100%；全文审阅不等于所有分支已运行","2d9491881015b48d9d3a33a89f36adf29cedd15f069c82b3bb946be6f2af0b00","2489","交付快照"
"tests/helpers/mountApp.js","测试/夹具","自有","常规","已纳入并检查（方法及运行限制见本行）","结构/导入/虚构内容与清理隔离审查；被套件使用情况；不宣称全部分支执行","root/independent_review","","未另确认缺陷；不等于证明无缺陷","实测覆盖：行96.07%/分支77.77%；全文审阅不等于所有分支已运行","22e597d55125555c7d657ff6f5e7509055bf0c3bd2adfff805bdd19dd52a9367","9948","交付快照"
"tests/helpers/renderedHeadings.js","测试/夹具","自有","常规","已纳入并检查（方法及运行限制见本行）","结构/导入/虚构内容与清理隔离审查；被套件使用情况；不宣称全部分支执行","root/independent_review","","未另确认缺陷；不等于证明无缺陷","实测覆盖：行100%/分支90.9%；全文审阅不等于所有分支已运行","ea723e1e7166810292f8838f67d59484cb93a0e246644d1658431b16e9a6200b","1979","交付快照"
"tests/helpers/syncSandbox.js","测试/夹具","自有","较高（数据/权限/时间/金额/运行边界）","已纳入并检查（方法及运行限制见本行）","结构/导入/虚构内容与清理隔离审查；被套件使用情况；不宣称全部分支执行","root/independent_review","","未另确认缺陷；不等于证明无缺陷","实测覆盖：行96.85%/分支68.65%；全文审阅不等于所有分支已运行","e6cd4c862dd7f3f49975f9d70ebf53794429f9bfd12252ebc0aed1e5060c897a","11689","交付快照"
"tests/helpers/tabOrder.js","测试/夹具","自有","常规","已纳入并检查（方法及运行限制见本行）","结构/导入/虚构内容与清理隔离审查；被套件使用情况；不宣称全部分支执行","root/independent_review","","未另确认缺陷；不等于证明无缺陷","实测覆盖：行100%/分支84.68%；全文审阅不等于所有分支已运行","967b00181192c6af760343ec5dad9f96d11d45b038aa879c3e8d45a3f8d3d571","10273","交付快照"
"tests/helpers/vueTemplate.js","测试/夹具","自有","常规","已纳入并检查（方法及运行限制见本行）","结构/导入/虚构内容与清理隔离审查；被套件使用情况；不宣称全部分支执行","root/independent_review","","未另确认缺陷；不等于证明无缺陷","实测覆盖：行98.38%/分支89.74%；全文审阅不等于所有分支已运行","3e033d393e5c2da6b40876cdb236d0a4cb4bd6a3e37bbfb888641aa14fc982ee","7343","交付快照"
"tests/helpers/webStorage.js","测试/夹具","自有","常规","已纳入并检查（方法及运行限制见本行）","结构/导入/虚构内容与清理隔离审查；被套件使用情况；不宣称全部分支执行","root/independent_review","","未另确认缺陷；不等于证明无缺陷","静态检查、相关运行时回归或构建；每文件百分比未测出时不伪造","45d1359a1b0879f848efd2d2b52067fcc19eefeab18cd85f11eea1f0f38ed771","2706","交付快照"
"tests/hiddenLiveRegion.test.js","测试/夹具","自有","常规","已纳入并检查（方法及运行限制见本行）","完整AST/导入与断言结构审查；实际全库执行；不宣称逐字人工审阅全部历史用例","root/independent_review","","未另确认缺陷；不等于证明无缺陷","passed：7通过/0失败；final-vitest.json","bbeb3f3fef6f3a666258f6720befd6a4be3aa9483846789b02707dcc3bc60594","10651","交付快照"
"tests/highContrastPalette.test.js","测试/夹具","自有","常规","已纳入并检查（方法及运行限制见本行）","完整AST/导入与断言结构审查；实际全库执行；不宣称逐字人工审阅全部历史用例","root/independent_review","","未另确认缺陷；不等于证明无缺陷","passed：9通过/0失败；final-vitest.json","037cc737bed3e1fd950d0031266fb6ef0284b166467d8b6b66d37b01f89b71e7","11181","交付快照"
"tests/homeModules.test.js","测试/夹具","自有","常规","已纳入并检查（方法及运行限制见本行）","完整AST/导入与断言结构审查；实际全库执行；不宣称逐字人工审阅全部历史用例","root/independent_review","","未另确认缺陷；不等于证明无缺陷","passed：4通过/0失败；final-vitest.json","20c4e4f31ba80da143b523dee389525ea5fc4b5fa564d19bebf3ee9d86e4b245","1711","交付快照"
"tests/homeNextUp.test.js","测试/夹具","自有","常规","已纳入并检查（方法及运行限制见本行）","完整AST/导入与断言结构审查；实际全库执行；不宣称逐字人工审阅全部历史用例","root/independent_review","","未另确认缺陷；不等于证明无缺陷","passed：2通过/0失败；final-vitest.json","b19ef7ac44cbaf97b97281e5af29ec538e7c4e1a7139bce84a2b2cddbc59d28d","1310","交付快照"
"tests/imageCropKeyboard.test.js","测试/夹具","自有","常规","已纳入并检查（方法及运行限制见本行）","完整AST/导入与断言结构审查；实际全库执行；不宣称逐字人工审阅全部历史用例","root/independent_review","","未另确认缺陷；不等于证明无缺陷","passed：10通过/0失败；final-vitest.json","616d1755c7f1fdabea6b569145941e99df0f088a318b923fa4cbe820e9c010d3","7232","交付快照"
"tests/imageCropSizing.test.js","测试/夹具","自有","常规","已纳入并检查（方法及运行限制见本行）","完整AST/导入与断言结构审查；实际全库执行；不宣称逐字人工审阅全部历史用例","root/independent_review","","未另确认缺陷；不等于证明无缺陷","passed：2通过/0失败；final-vitest.json","c952dd93907214b0ab6de3b3ef5353799c1a56af875881b4704119d9fd300aec","692","交付快照"
"tests/interactionAlternatives.test.js","测试/夹具","自有","常规","已纳入并检查（方法及运行限制见本行）","完整AST/导入与断言结构审查；实际全库执行；不宣称逐字人工审阅全部历史用例","root/independent_review","","未另确认缺陷；不等于证明无缺陷","passed：10通过/0失败；final-vitest.json","8dbdac8e5a5691c63b24c6e8171a19d8f244f31d67b968ca00e17ef201a09262","10735","交付快照"
"tests/interactionLifetime.test.js","测试/夹具","自有","常规","已纳入并检查（方法及运行限制见本行）","完整AST/导入与断言结构审查；实际全库执行；不宣称逐字人工审阅全部历史用例","root/independent_review","","未另确认缺陷；不等于证明无缺陷","passed：3通过/0失败；final-vitest.json","7ca83c99c94ef8de06a5ffbc26adfa2c2b0a57de3ac08a9d73e96b200a43557e","3826","交付快照"
"tests/intlFormatters.test.js","测试/夹具","自有","常规","已纳入并检查（方法及运行限制见本行）","完整AST/导入与断言结构审查；实际全库执行；不宣称逐字人工审阅全部历史用例","root/independent_review","","未另确认缺陷；不等于证明无缺陷","passed：2通过/0失败；final-vitest.json","a519c11a973beea2fc153df1633ba5934399fc3cfea6deea17fb6cff6f5f51df","963","交付快照"
"tests/keyboardReachability.test.js","测试/夹具","自有","常规","已纳入并检查（方法及运行限制见本行）","完整AST/导入与断言结构审查；实际全库执行；不宣称逐字人工审阅全部历史用例","root/independent_review","","未另确认缺陷；不等于证明无缺陷","passed：19通过/0失败；final-vitest.json","0d6d182ffd65279ef2d4599cd6f4f88b806900249d672b23b793cd78f019f9b4","21315","交付快照"
"tests/landmarksAndRoles.test.js","测试/夹具","自有","常规","已纳入并检查（方法及运行限制见本行）","完整AST/导入与断言结构审查；实际全库执行；不宣称逐字人工审阅全部历史用例","root/independent_review","","未另确认缺陷；不等于证明无缺陷","passed：17通过/0失败；final-vitest.json","4933e5eff8eaacaa081af9a26c92e6edbf14d43d8ab982cac1b122542f2a746e","19079","交付快照"
"tests/learningPlan.test.js","测试/夹具","自有","常规","已纳入并检查（方法及运行限制见本行）","完整AST/导入与断言结构审查；实际全库执行；不宣称逐字人工审阅全部历史用例","root/independent_review","","未另确认缺陷；不等于证明无缺陷","passed：8通过/0失败；final-vitest.json","73f17a17346ab457eb2e2a5a2e8f0f353682804b6f5d64f6afd887464b729400","6940","交付快照"
"tests/learningWorkflow.test.js","测试/夹具","自有","常规","已纳入并检查（方法及运行限制见本行）","完整AST/导入与断言结构审查；实际全库执行；不宣称逐字人工审阅全部历史用例","root/independent_review","","未另确认缺陷；不等于证明无缺陷","passed：7通过/0失败；final-vitest.json","ea063e6f2f0b9d00496d11c094ce80ac2e60644d22d4ce991258995130be624e","10067","交付快照"
"tests/ledger.test.js","测试/夹具","自有","较高（数据/权限/时间/金额/运行边界）","已纳入并检查（方法及运行限制见本行）","完整AST/导入与断言结构审查；实际全库执行；不宣称逐字人工审阅全部历史用例","root/independent_review","","未另确认缺陷；不等于证明无缺陷","passed：25通过/0失败；final-vitest.json","916b7f4fed4d9d6ccd3d7c658a0990adac00182ede4f0aec434c4645d82ab175","7248","交付快照"
"tests/ledgerBillImport.test.js","测试/夹具","自有","较高（数据/权限/时间/金额/运行边界）","已纳入并检查（方法及运行限制见本行）","完整AST/导入与断言结构审查；实际全库执行；不宣称逐字人工审阅全部历史用例","root/independent_review","","未另确认缺陷；不等于证明无缺陷","passed：14通过/0失败；final-vitest.json","c90c1536a1c17252ae89197e754442f8e3229cf2869a7c645e9264847e3ec7a6","10819","交付快照"
"tests/ledgerBillRowDom.test.js","测试/夹具","自有","较高（数据/权限/时间/金额/运行边界）","已纳入并检查（方法及运行限制见本行）","完整AST/导入与断言结构审查；实际全库执行；不宣称逐字人工审阅全部历史用例","root/independent_review","","未另确认缺陷；不等于证明无缺陷","passed：1通过/0失败；final-vitest.json","fd91a6c0cfb9df4407422d88546d55ca46bcfb649a16f763d21a843f24eabecf","5063","交付快照"
"tests/ledgerBillsAndPacing.test.js","测试/夹具","自有","较高（数据/权限/时间/金额/运行边界）","已纳入并检查（方法及运行限制见本行）","完整AST/导入与断言结构审查；实际全库执行；不宣称逐字人工审阅全部历史用例","root/independent_review","","未另确认缺陷；不等于证明无缺陷","passed：21通过/0失败；final-vitest.json","e6d7e04780c15a905d539f75c04089ffc3bfe2aea34f9c9551c4af1642f9f2ea","11796","交付快照"
"tests/ledgerBudget.test.js","测试/夹具","自有","较高（数据/权限/时间/金额/运行边界）","已纳入并检查（方法及运行限制见本行）","完整AST/导入与断言结构审查；实际全库执行；不宣称逐字人工审阅全部历史用例","root/independent_review","","未另确认缺陷；不等于证明无缺陷","passed：13通过/0失败；final-vitest.json","81518a7ebb6e51e8982e1449bf076fc42cfd02cb27cd6c0ce40e9d8d19939c64","6614","交付快照"
"tests/ledgerCategoryManager.test.js","测试/夹具","自有","较高（数据/权限/时间/金额/运行边界）","已纳入并检查（方法及运行限制见本行）","完整AST/导入与断言结构审查；实际全库执行；不宣称逐字人工审阅全部历史用例","root/independent_review","","未另确认缺陷；不等于证明无缺陷","passed：2通过/0失败；final-vitest.json","1bab213508fd4d3eae3846ce19b5d9a379989b575281ba1c19dfc4b3e7644776","2691","交付快照"
"tests/ledgerDeleteVisibility.test.js","测试/夹具","自有","较高（数据/权限/时间/金额/运行边界）","已纳入并检查（方法及运行限制见本行）","完整AST/导入与断言结构审查；实际全库执行；不宣称逐字人工审阅全部历史用例","root/independent_review","","未另确认缺陷；不等于证明无缺陷","passed：5通过/0失败；final-vitest.json","34429c15d5c9886c0de4ac7f4423719588f8e5bf89b2d1f0548904f9c6ad2bcd","7611","交付快照"
"tests/ledgerFeaturesDom.test.js","测试/夹具","自有","较高（数据/权限/时间/金额/运行边界）","已纳入并检查（方法及运行限制见本行）","完整AST/导入与断言结构审查；实际全库执行；不宣称逐字人工审阅全部历史用例","root/independent_review","","未另确认缺陷；不等于证明无缺陷","passed：8通过/0失败；final-vitest.json","534d74fc457958e3bbbf294335a23d06027298261c2c1ddc7b1cbb0c52e10853","19183","交付快照"
"tests/ledgerFeaturesRegression.test.js","测试/夹具","自有","较高（数据/权限/时间/金额/运行边界）","已纳入并检查（方法及运行限制见本行）","完整AST/导入与断言结构审查；实际全库执行；不宣称逐字人工审阅全部历史用例","root/independent_review","","未另确认缺陷；不等于证明无缺陷","passed：9通过/0失败；final-vitest.json","4e94b525ecb7624d675c5e4a38ad0ea3403806934593535532bf677cc2588262","10369","交付快照"
"tests/ledgerFinalOptimization.test.js","测试/夹具","自有","较高（数据/权限/时间/金额/运行边界）","已纳入并检查（方法及运行限制见本行）","完整AST/导入与断言结构审查；实际全库执行；不宣称逐字人工审阅全部历史用例","root/independent_review","","未另确认缺陷；不等于证明无缺陷","passed：33通过/0失败；final-vitest.json","3943141e7a9d92ee4cbc057261ec6e27bc7f43d8768c189cac3a3644674a69fb","17555","交付快照"
"tests/ledgerFx.test.js","测试/夹具","自有","较高（数据/权限/时间/金额/运行边界）","已纳入并检查（方法及运行限制见本行）","完整AST/导入与断言结构审查；实际全库执行；不宣称逐字人工审阅全部历史用例","root/independent_review","","未另确认缺陷；不等于证明无缺陷","passed：18通过/0失败；final-vitest.json","08b6208c6026d0e4d32d918eeeefe7b4f2047278bc72d179eba539ded1da844b","11069","交付快照"
"tests/ledgerMoneyCorrectness.test.js","测试/夹具","自有","较高（数据/权限/时间/金额/运行边界）","已纳入并检查（方法及运行限制见本行）","完整AST/导入与断言结构审查；实际全库执行；不宣称逐字人工审阅全部历史用例","root/independent_review","","未另确认缺陷；不等于证明无缺陷","passed：21通过/0失败；final-vitest.json","405f130e5c0d78c32ec4a6acbc7c5e9cf4bcfb41ccd93578e9cbdb9921c59023","11392","交付快照"
"tests/ledgerReviewCategories.test.js","测试/夹具","自有","较高（数据/权限/时间/金额/运行边界）","已纳入并检查（方法及运行限制见本行）","完整AST/导入与断言结构审查；实际全库执行；不宣称逐字人工审阅全部历史用例","root/independent_review","","未另确认缺陷；不等于证明无缺陷","passed：8通过/0失败；final-vitest.json","f1897203f5cf9546441c01d7191d98c67e60f2869334ae55178d4b69653c712a","13069","交付快照"
"tests/ledgerScrollPerformance.test.js","测试/夹具","自有","较高（数据/权限/时间/金额/运行边界）","已纳入并检查（方法及运行限制见本行）","完整AST/导入与断言结构审查；实际全库执行；不宣称逐字人工审阅全部历史用例","root/independent_review","","未另确认缺陷；不等于证明无缺陷","passed：7通过/0失败；final-vitest.json","63d351efd74bb1aed965402eb16cbbe1d08ce61bb8e784ddccde7bfa6a3b679c","4689","交付快照"
"tests/ledgerSpendStats.test.js","测试/夹具","自有","较高（数据/权限/时间/金额/运行边界）","已纳入并检查（方法及运行限制见本行）","完整AST/导入与断言结构审查；实际全库执行；不宣称逐字人工审阅全部历史用例","root/independent_review","","未另确认缺陷；不等于证明无缺陷","passed：1通过/0失败；final-vitest.json","030b21a44f01a9c57d69f05f2668aecf327f08ba469a7522a76e4fe04f5b48e4","1368","交付快照"
"tests/ledgerSplit.test.js","测试/夹具","自有","较高（数据/权限/时间/金额/运行边界）","已纳入并检查（方法及运行限制见本行）","完整AST/导入与断言结构审查；实际全库执行；不宣称逐字人工审阅全部历史用例","root/independent_review","","未另确认缺陷；不等于证明无缺陷","passed：22通过/0失败；final-vitest.json","c2e16b3c12afd4ee568360ee476f96a9dccbebb8d6f71a2b135160d9e444868c","14289","交付快照"
"tests/ledgerSplitDisplay.test.js","测试/夹具","自有","较高（数据/权限/时间/金额/运行边界）","已纳入并检查（方法及运行限制见本行）","完整AST/导入与断言结构审查；实际全库执行；不宣称逐字人工审阅全部历史用例","root/independent_review","","未另确认缺陷；不等于证明无缺陷","passed：7通过/0失败；final-vitest.json","25ea18dd79d7bae47bef977755cc7ef3d18387c8065935fdc119071e2c15598a","9716","交付快照"
"tests/ledgerTabUrl.test.js","测试/夹具","自有","较高（数据/权限/时间/金额/运行边界）","已纳入并检查（方法及运行限制见本行）","完整AST/导入与断言结构审查；实际全库执行；不宣称逐字人工审阅全部历史用例","root/independent_review","","未另确认缺陷；不等于证明无缺陷","passed：7通过/0失败；final-vitest.json","0282541d178029db2fbfec7678bcad0177b07dcdcdb200cb6ccd3c2ab1671623","5741","交付快照"
"tests/ledgerTemplates.test.js","测试/夹具","自有","较高（数据/权限/时间/金额/运行边界）","已纳入并检查（方法及运行限制见本行）","完整AST/导入与断言结构审查；实际全库执行；不宣称逐字人工审阅全部历史用例","root/independent_review","","未另确认缺陷；不等于证明无缺陷","passed：8通过/0失败；final-vitest.json","373f331a7adf7c8cb3eef0b8411700816f527db50c92d6d8cba07cc8122ee498","5247","交付快照"
"tests/ledgerViewStartup.test.js","测试/夹具","自有","较高（数据/权限/时间/金额/运行边界）","已纳入并检查（方法及运行限制见本行）","完整AST/导入与断言结构审查；实际全库执行；不宣称逐字人工审阅全部历史用例","root/independent_review","","未另确认缺陷；不等于证明无缺陷","passed：1通过/0失败；final-vitest.json","e1b1719fc61ed04b3fa8a433d89714f894c11700abb16e3172985a4187af6a06","1337","交付快照"
"tests/ledgerWorkflowCorrectness.test.js","测试/夹具","自有","较高（数据/权限/时间/金额/运行边界）","已纳入并检查（方法及运行限制见本行）","完整AST/导入与断言结构审查；实际全库执行；不宣称逐字人工审阅全部历史用例","root/independent_review","","未另确认缺陷；不等于证明无缺陷","passed：12通过/0失败；final-vitest.json","d36c8381b8f0f5c521b81d3a326fcf2fbd3f323a8f1955b1aded942ccf7e1458","15334","交付快照"
"tests/ledgerXlsxExport.test.js","测试/夹具","自有","较高（数据/权限/时间/金额/运行边界）","已纳入并检查（方法及运行限制见本行）","完整AST/导入与断言结构审查；实际全库执行；不宣称逐字人工审阅全部历史用例","root/independent_review","","未另确认缺陷；不等于证明无缺陷","passed：11通过/0失败；final-vitest.json","73eaff416b660d95af34330ceb5f067fb07f8b3378744ce6abb5d7709236bae4","12073","交付快照"
"tests/liveRegion.test.js","测试/夹具","自有","常规","已纳入并检查（方法及运行限制见本行）","完整AST/导入与断言结构审查；实际全库执行；不宣称逐字人工审阅全部历史用例","root/independent_review","","未另确认缺陷；不等于证明无缺陷","passed：5通过/0失败；final-vitest.json","1ab4f4c44c0b49ed7c12f20b122276e3f7e312283ddb01d8ed53d94d4eee1535","1749","交付快照"
"tests/loadingAffordance.test.js","测试/夹具","自有","常规","已纳入并检查（方法及运行限制见本行）","完整AST/导入与断言结构审查；实际全库执行；不宣称逐字人工审阅全部历史用例","root/independent_review","","未另确认缺陷；不等于证明无缺陷","passed：6通过/0失败；final-vitest.json","b68f81434e84a580fee2891eb06c93f1c6ccd93ec7a4e6f846d19832a4714037","2912","交付快照"
"tests/localStorageUsage.test.js","测试/夹具","自有","常规","已纳入并检查（方法及运行限制见本行）","完整AST/导入与断言结构审查；实际全库执行；不宣称逐字人工审阅全部历史用例","root/independent_review","","未另确认缺陷；不等于证明无缺陷","passed：2通过/0失败；final-vitest.json","18bd33bea04038f1a5006578b7709de06eed92b22d81145e70a7dc0678b2e41d","963","交付快照"
"tests/lunarAnniversaries.test.js","测试/夹具","自有","常规","已纳入并检查（方法及运行限制见本行）","完整AST/导入与断言结构审查；实际全库执行；不宣称逐字人工审阅全部历史用例","root/independent_review","","未另确认缺陷；不等于证明无缺陷","passed：21通过/0失败；final-vitest.json","5affd95ea19d7ec7a8d713d946bdde4a28a0fe972375347a9f13c51bf542bf33","20475","交付快照"
"tests/lunarAnniversaryEditor.test.js","测试/夹具","自有","常规","已纳入并检查（方法及运行限制见本行）","完整AST/导入与断言结构审查；实际全库执行；不宣称逐字人工审阅全部历史用例","root/independent_review","","未另确认缺陷；不等于证明无缺陷","passed：2通过/0失败；final-vitest.json","f52aa7e92866437064c21b5d4af4b0d6eafc319768c4051447985dd460016f10","2533","交付快照"
"tests/lunarAnniversaryStorageSource.test.js","测试/夹具","自有","常规","已纳入并检查（方法及运行限制见本行）","完整AST/导入与断言结构审查；实际全库执行；不宣称逐字人工审阅全部历史用例","root/independent_review","","未另确认缺陷；不等于证明无缺陷","passed：11通过/0失败；final-vitest.json","78cd3716a564c8718b2da4768a139683f1aad5fdb9ef77f15e0ba9d83aca9b8d","8358","交付快照"
"tests/lunarCalendar.test.js","测试/夹具","自有","常规","已纳入并检查（方法及运行限制见本行）","完整AST/导入与断言结构审查；实际全库执行；不宣称逐字人工审阅全部历史用例","root/independent_review","","未另确认缺陷；不等于证明无缺陷","passed：10通过/0失败；final-vitest.json","c183d5460f9dc386b65aa989ac33b54e6b5b96178014a2ea248e335844a2b397","23751","交付快照"
"tests/mirrorDurability.test.js","测试/夹具","自有","常规","已纳入并检查（方法及运行限制见本行）","完整AST/导入与断言结构审查；实际全库执行；不宣称逐字人工审阅全部历史用例","root/independent_review","","未另确认缺陷；不等于证明无缺陷","passed：11通过/0失败；final-vitest.json","e2866df04b371f11fb5aacfb84fe4612694e131a86041f9eacb39810c6dcc37e","10632","交付快照"
"tests/mobileMenu.test.js","测试/夹具","自有","常规","已纳入并检查（方法及运行限制见本行）","完整AST/导入与断言结构审查；实际全库执行；不宣称逐字人工审阅全部历史用例","root/independent_review","","未另确认缺陷；不等于证明无缺陷","passed：1通过/0失败；final-vitest.json","3a1b02e6292d46a7f4c50a2e2dcbc8c28f5dd7c7c160bb975a7e0c77a14f7263","408","交付快照"
"tests/mobileViewport.test.js","测试/夹具","自有","常规","已纳入并检查（方法及运行限制见本行）","完整AST/导入与断言结构审查；实际全库执行；不宣称逐字人工审阅全部历史用例","root/independent_review","","未另确认缺陷；不等于证明无缺陷","passed：16通过/0失败；final-vitest.json","1e9db04cdd441dce885a2d6ccad628a298dab8114a6ea3062c5a1e31025e1c20","10657","交付快照"
"tests/modal.test.js","测试/夹具","自有","常规","已纳入并检查（方法及运行限制见本行）","完整AST/导入与断言结构审查；实际全库执行；不宣称逐字人工审阅全部历史用例","root/independent_review","","未另确认缺陷；不等于证明无缺陷","passed：5通过/0失败；final-vitest.json","f92dba27131bd04ac5cfbd75beecd753125f0db3aa00586593d9ec050e802758","4489","交付快照"
"tests/modalSections.test.js","测试/夹具","自有","常规","已纳入并检查（方法及运行限制见本行）","完整AST/导入与断言结构审查；实际全库执行；不宣称逐字人工审阅全部历史用例","root/independent_review","","未另确认缺陷；不等于证明无缺陷","passed：9通过/0失败；final-vitest.json","e581f5e9a17572083d5f38cd6a21c0e2b10d228e2bb4225b75ce20138f1a2fde","9459","交付快照"
"tests/modalSheet.test.js","测试/夹具","自有","常规","已纳入并检查（方法及运行限制见本行）","完整AST/导入与断言结构审查；实际全库执行；不宣称逐字人工审阅全部历史用例","root/independent_review","","未另确认缺陷；不等于证明无缺陷","passed：8通过/0失败；final-vitest.json","e7f891bf2fd377c54fa814e499412b48fd516dfa5ab89ca0784a353cefa05f04","8541","交付快照"
"tests/modalStackOrder.test.js","测试/夹具","自有","常规","已纳入并检查（方法及运行限制见本行）","完整AST/导入与断言结构审查；实际全库执行；不宣称逐字人工审阅全部历史用例","root/independent_review","","未另确认缺陷；不等于证明无缺陷","passed：9通过/0失败；final-vitest.json","7d30e3a2111a4039039f612c70cb5c62596472a95024fd4d20ce1dc46a10fd25","23332","交付快照"
"tests/monthlyTrendCard.test.js","测试/夹具","自有","常规","已纳入并检查（方法及运行限制见本行）","完整AST/导入与断言结构审查；实际全库执行；不宣称逐字人工审阅全部历史用例","root/independent_review","","未另确认缺陷；不等于证明无缺陷","passed：10通过/0失败；final-vitest.json","ba07ecff3b19e847fa72930fd9682c65935ae1a5d7e8c8ce095e43f57b76f0d8","12434","交付快照"
"tests/monthlyTrendChart.test.js","测试/夹具","自有","常规","已纳入并检查（方法及运行限制见本行）","完整AST/导入与断言结构审查；实际全库执行；不宣称逐字人工审阅全部历史用例","root/independent_review","","未另确认缺陷；不等于证明无缺陷","passed：7通过/0失败；final-vitest.json","8be9544f7fb17034b0de73d13aaedc44c9f13e1e1f1661bf91ec711d429cbc49","3878","交付快照"
"tests/mood.test.js","测试/夹具","自有","常规","已纳入并检查（方法及运行限制见本行）","完整AST/导入与断言结构审查；实际全库执行；不宣称逐字人工审阅全部历史用例","root/independent_review","","未另确认缺陷；不等于证明无缺陷","passed：6通过/0失败；final-vitest.json","d766975d84afbda2506ff8113199c9e2e62ded165c67a2cc4f58b98721d76975","2319","交付快照"
"tests/motion.test.js","测试/夹具","自有","常规","已纳入并检查（方法及运行限制见本行）","完整AST/导入与断言结构审查；实际全库执行；不宣称逐字人工审阅全部历史用例","root/independent_review","","未另确认缺陷；不等于证明无缺陷","passed：12通过/0失败；final-vitest.json","33e72de90f444cc3afa541cd2cd45c3b12e37aa525f4be9bb31aeda9c6725905","6810","交付快照"
"tests/motionTokens.test.js","测试/夹具","自有","常规","已纳入并检查（方法及运行限制见本行）","完整AST/导入与断言结构审查；实际全库执行；不宣称逐字人工审阅全部历史用例","root/independent_review","","未另确认缺陷；不等于证明无缺陷","passed：4通过/0失败；final-vitest.json","4155242242b08efdf6768522a05cf97d822b1f84cf79c7c7f79868a7ad3ee93a","5607","交付快照"
"tests/narrativeI18n.test.js","测试/夹具","自有","常规","已纳入并检查（方法及运行限制见本行）","完整AST/导入与断言结构审查；实际全库执行；不宣称逐字人工审阅全部历史用例","root/independent_review","","未另确认缺陷；不等于证明无缺陷","passed：20通过/0失败；final-vitest.json","01d4226de99c80d5acdef8482100d5bce6cc861b21c876381c7d77f5ed8fe6f5","11482","交付快照"
"tests/navigationEditor.test.js","测试/夹具","自有","常规","已纳入并检查（方法及运行限制见本行）","完整AST/导入与断言结构审查；实际全库执行；不宣称逐字人工审阅全部历史用例","root/independent_review","","未另确认缺陷；不等于证明无缺陷","passed：14通过/0失败；final-vitest.json","72c91cbce9af12517940bf61f54f122a4d4315c51e5ef59510cec55fbd624fe8","11297","交付快照"
"tests/navigationEditorInteraction.test.js","测试/夹具","自有","常规","已纳入并检查（方法及运行限制见本行）","完整AST/导入与断言结构审查；实际全库执行；不宣称逐字人工审阅全部历史用例","root/independent_review","","未另确认缺陷；不等于证明无缺陷","passed：6通过/0失败；final-vitest.json","04c35eb4fe2abe53e4a269d2dd33120367ee18bd921cbb5fa5d220272a2bd407","8959","交付快照"
"tests/navigationInformationArchitecture.test.js","测试/夹具","自有","常规","已纳入并检查（方法及运行限制见本行）","完整AST/导入与断言结构审查；实际全库执行；不宣称逐字人工审阅全部历史用例","root/independent_review","","未另确认缺陷；不等于证明无缺陷","passed：2通过/0失败；final-vitest.json","4ecba46dd5969cd8fbeaba0c4ea6a0d5e593128b3d5bfdfa2f21683b6ee8dbaf","1821","交付快照"
"tests/navigationPreferences.test.js","测试/夹具","自有","常规","已纳入并检查（方法及运行限制见本行）","完整AST/导入与断言结构审查；实际全库执行；不宣称逐字人工审阅全部历史用例","root/independent_review","","未另确认缺陷；不等于证明无缺陷","passed：8通过/0失败；final-vitest.json","c0d2760b9ca4b0d0d937e86a2cdda4839ea45e3ef47385e3b9e29b89891b7bfe","10183","交付快照"
"tests/notFoundViewDom.test.js","测试/夹具","自有","常规","已纳入并检查（方法及运行限制见本行）","完整AST/导入与断言结构审查；实际全库执行；不宣称逐字人工审阅全部历史用例","root/independent_review","","未另确认缺陷；不等于证明无缺陷","passed：1通过/0失败；final-vitest.json","2daacd78fc33267a5848709943ceb7002f92f789101e1770b3954f0c65c8c745","3029","交付快照"
"tests/noticeParser.regression.test.js","测试/夹具","自有","常规","已纳入并检查（方法及运行限制见本行）","完整AST/导入与断言结构审查；实际全库执行；不宣称逐字人工审阅全部历史用例","root/independent_review","","未另确认缺陷；不等于证明无缺陷","passed：27通过/0失败；final-vitest.json","8d8ead6013ae1eaa8e7c092a7b1334303ed25836d47a2af381afabf6e078d188","10058","交付快照"
"tests/noticeParser.test.js","测试/夹具","自有","常规","已纳入并检查（方法及运行限制见本行）","完整AST/导入与断言结构审查；实际全库执行；不宣称逐字人工审阅全部历史用例","root/independent_review","","未另确认缺陷；不等于证明无缺陷","passed：8通过/0失败；final-vitest.json","1bd5ff7842cd7ea2fb702a3d2c007df4b819c721b717081e235a742000aba797","2932","交付快照"
"tests/noticeSegments.test.js","测试/夹具","自有","常规","已纳入并检查（方法及运行限制见本行）","完整AST/导入与断言结构审查；实际全库执行；不宣称逐字人工审阅全部历史用例","root/independent_review","","未另确认缺陷；不等于证明无缺陷","passed：33通过/0失败；final-vitest.json","729a939399478dbc61bee0f021f0fd02abc26675c73616b77e1f31d191727d2b","17414","交付快照"
"tests/ocr-reference-read.mjs","测试/夹具","自有","常规","已纳入并检查（方法及运行限制见本行）","结构/导入/虚构内容与清理隔离审查；被套件使用情况；不宣称全部分支执行","root/independent_review","","未另确认缺陷；不等于证明无缺陷","静态检查、相关运行时回归或构建；每文件百分比未测出时不伪造","498e9c406aeb42c0e7335ca76cd81cf956a77bd96feb89915fc63e869b765606","2334","交付快照"
"tests/ocrEngineWiring.test.js","测试/夹具","自有","常规","已纳入并检查（方法及运行限制见本行）","完整AST/导入与断言结构审查；实际全库执行；不宣称逐字人工审阅全部历史用例","root/independent_review","","未另确认缺陷；不等于证明无缺陷","passed：9通过/0失败；final-vitest.json","ee216cde56063e0d69479d722c752891da93ffed2237a74b7ab59fc7835acad9","7262","交付快照"
"tests/ocrVocabulary.test.js","测试/夹具","自有","常规","已纳入并检查（方法及运行限制见本行）","完整AST/导入与断言结构审查；实际全库执行；不宣称逐字人工审阅全部历史用例","root/independent_review","","未另确认缺陷；不等于证明无缺陷","passed：2通过/0失败；final-vitest.json","feaba88f69edd16e189b9c2888332f0c05ada09b9b8bd51ec217724755d3d217","1094","交付快照"
"tests/overlayEscape.test.js","测试/夹具","自有","常规","已纳入并检查（方法及运行限制见本行）","完整AST/导入与断言结构审查；实际全库执行；不宣称逐字人工审阅全部历史用例","root/independent_review","","未另确认缺陷；不等于证明无缺陷","passed：5通过/0失败；final-vitest.json","25b4940e898801dd1fd2fa74f621bcf65cc278faf82daece11f32cad8ad38073","13371","交付快照"
"tests/pendingFieldEdits.test.js","测试/夹具","自有","常规","已纳入并检查（方法及运行限制见本行）","完整AST/导入与断言结构审查；实际全库执行；不宣称逐字人工审阅全部历史用例","root/independent_review","","未另确认缺陷；不等于证明无缺陷","passed：7通过/0失败；final-vitest.json","24087d76e9f89f8897eba914d3b7536ec5c3c474e9908af73da462d99c417104","3888","交付快照"
"tests/performanceMode.test.js","测试/夹具","自有","常规","已纳入并检查（方法及运行限制见本行）","完整AST/导入与断言结构审查；实际全库执行；不宣称逐字人工审阅全部历史用例","root/independent_review","","未另确认缺陷；不等于证明无缺陷","passed：2通过/0失败；final-vitest.json","37f39466c1b9f303fad9e41e2885475dbfb6b10073331597ca100cf22fcfbc96","662","交付快照"
"tests/performanceSmoke.test.js","测试/夹具","自有","常规","已纳入并检查（方法及运行限制见本行）","完整AST/导入与断言结构审查；实际全库执行；不宣称逐字人工审阅全部历史用例","root/independent_review","","未另确认缺陷；不等于证明无缺陷","passed：1通过/0失败；final-vitest.json","afa9e73af21fe7fcb663495f065fe773e3854005c682e68333ac18e65e72d9ca","1270","交付快照"
"tests/phase1Regression.test.js","测试/夹具","自有","常规","已纳入并检查（方法及运行限制见本行）","完整AST/导入与断言结构审查；实际全库执行；不宣称逐字人工审阅全部历史用例","root/independent_review","","未另确认缺陷；不等于证明无缺陷","passed：3通过/0失败；final-vitest.json","37d0e2d36584873710448ecbd657e97ba967c80d649c7d32dfd8361708c89407","2253","交付快照"
"tests/planningViews.test.js","测试/夹具","自有","常规","已纳入并检查（方法及运行限制见本行）","完整AST/导入与断言结构审查；实际全库执行；不宣称逐字人工审阅全部历史用例","root/independent_review","","未另确认缺陷；不等于证明无缺陷","passed：8通过/0失败；final-vitest.json","3b4353ef9df221ed1ad0e64ab88b71edabb161db4beafb8aae5567e19f2ba5d4","5131","交付快照"
"tests/planningWorkspaceInteractions.test.js","测试/夹具","自有","常规","已纳入并检查（方法及运行限制见本行）","完整AST/导入与断言结构审查；实际全库执行；不宣称逐字人工审阅全部历史用例","root/independent_review","","未另确认缺陷；不等于证明无缺陷","passed：6通过/0失败；final-vitest.json","bc808f9b763efe37ccf0cc099d83498826617121d3263e5cf3b7876927db6b62","7406","交付快照"
"tests/printStyles.test.js","测试/夹具","自有","常规","已纳入并检查（方法及运行限制见本行）","完整AST/导入与断言结构审查；实际全库执行；不宣称逐字人工审阅全部历史用例","root/independent_review","","未另确认缺陷；不等于证明无缺陷","passed：8通过/0失败；final-vitest.json","063b3b5ee4a08e716082b9b50dcdde3a52b7ffbf07f378c9740e8d74047ddd82","9722","交付快照"
"tests/projectAvailability.test.js","测试/夹具","自有","较高（数据/权限/时间/金额/运行边界）","已纳入并检查（方法及运行限制见本行）","完整AST/导入与断言结构审查；实际全库执行；不宣称逐字人工审阅全部历史用例","root/independent_review","","未另确认缺陷；不等于证明无缺陷","passed：2通过/0失败；final-vitest.json","3b34bdc15acb9781a481d505352fec2ed890f5a66c8b228b3e3c04ba50f5d014","1718","交付快照"
"tests/projectDeliverableEditor.test.js","测试/夹具","自有","较高（数据/权限/时间/金额/运行边界）","已纳入并检查（方法及运行限制见本行）","完整AST/导入与断言结构审查；实际全库执行；不宣称逐字人工审阅全部历史用例","root/independent_review","","未另确认缺陷；不等于证明无缺陷","passed：16通过/0失败；final-vitest.json","1113c02fcdd9b99802b964ecf603c183b7e111a618de98d00bc2cbf7c53ba4c7","11491","交付快照"
"tests/projectEditorScope.test.js","测试/夹具","自有","较高（数据/权限/时间/金额/运行边界）","已纳入并检查（方法及运行限制见本行）","完整AST/导入与断言结构审查；实际全库执行；不宣称逐字人工审阅全部历史用例","root/independent_review","","未另确认缺陷；不等于证明无缺陷","passed：2通过/0失败；final-vitest.json","1ce4f8ed4b3e87ce3b00a2a02d0f69c346a02204bce4c748b1fa107354c7a891","1310","交付快照"
"tests/projectFilesAndErrors.test.js","测试/夹具","自有","较高（数据/权限/时间/金额/运行边界）","已纳入并检查（方法及运行限制见本行）","完整AST/导入与断言结构审查；实际全库执行；不宣称逐字人工审阅全部历史用例","root/independent_review","","未另确认缺陷；不等于证明无缺陷","passed：3通过/0失败；final-vitest.json","198360a56fc739f86150303407affc8eb6dd13be2220398b5d898ec49eeaab31","2998","交付快照"
"tests/projectMeetingBridge.test.js","测试/夹具","自有","较高（数据/权限/时间/金额/运行边界）","已纳入并检查（方法及运行限制见本行）","完整AST/导入与断言结构审查；实际全库执行；不宣称逐字人工审阅全部历史用例","root/independent_review","","未另确认缺陷；不等于证明无缺陷","passed：7通过/0失败；final-vitest.json","a58bfdcc1e8774090cd378602b986d11253f7571d058865d3b39a9fd1d6dc9d7","6805","交付快照"
"tests/projectMeetingsEditor.test.js","测试/夹具","自有","较高（数据/权限/时间/金额/运行边界）","已纳入并检查（方法及运行限制见本行）","完整AST/导入与断言结构审查；实际全库执行；不宣称逐字人工审阅全部历史用例","root/independent_review","","未另确认缺陷；不等于证明无缺陷","passed：4通过/0失败；final-vitest.json","8d04702beac7a1d7e69135df735f217ee9199647961c231181d989413bf3f50a","3908","交付快照"
"tests/projectQixingInteractions.test.js","测试/夹具","自有","较高（数据/权限/时间/金额/运行边界）","已纳入并检查（方法及运行限制见本行）","完整AST/导入与断言结构审查；实际全库执行；不宣称逐字人工审阅全部历史用例","root/independent_review","","未另确认缺陷；不等于证明无缺陷","passed：9通过/0失败；final-vitest.json","0b56a630779181e343ae7666f29221d2a5b3ff841497fee2d31f4f0b8aae56ba","12912","交付快照"
"tests/projectRequestScope.test.js","测试/夹具","自有","较高（数据/权限/时间/金额/运行边界）","已纳入并检查（方法及运行限制见本行）","完整AST/导入与断言结构审查；实际全库执行；不宣称逐字人工审阅全部历史用例","root/independent_review","","未另确认缺陷；不等于证明无缺陷","passed：5通过/0失败；final-vitest.json","01e3a7617b999bcc80701dfa85d983c55a301226b3656c2bcd3af6769ed4be65","2799","交付快照"
"tests/projectSubmitContract.test.js","测试/夹具","自有","较高（数据/权限/时间/金额/运行边界）","已纳入并检查（方法及运行限制见本行）","完整AST/导入与断言结构审查；实际全库执行；不宣称逐字人工审阅全部历史用例","root/independent_review","","未另确认缺陷；不等于证明无缺陷","passed：2通过/0失败；final-vitest.json","c5e23c00f2ef46cbaa31353fb4de24cc7e4dec9b095a790e2619cd380dbff098","2755","交付快照"
"tests/projectTaskActions.test.js","测试/夹具","自有","较高（数据/权限/时间/金额/运行边界）","已纳入并检查（方法及运行限制见本行）","完整AST/导入与断言结构审查；实际全库执行；不宣称逐字人工审阅全部历史用例","root/independent_review","","未另确认缺陷；不等于证明无缺陷","passed：2通过/0失败；final-vitest.json","e4ad266238dc8320582806ee888a4e45de20358326566f64d218efc8386637d3","1647","交付快照"
"tests/projectTaskBridge.test.js","测试/夹具","自有","较高（数据/权限/时间/金额/运行边界）","已纳入并检查（方法及运行限制见本行）","完整AST/导入与断言结构审查；实际全库执行；不宣称逐字人工审阅全部历史用例","root/independent_review","","未另确认缺陷；不等于证明无缺陷","passed：6通过/0失败；final-vitest.json","32b691888c2ba7991c779cb1b41dc87c5c18b564cb2c5e4fc4fc40de11a65ba4","6723","交付快照"
"tests/projectTaskFiltering.test.js","测试/夹具","自有","较高（数据/权限/时间/金额/运行边界）","已纳入并检查（方法及运行限制见本行）","完整AST/导入与断言结构审查；实际全库执行；不宣称逐字人工审阅全部历史用例","root/independent_review","","未另确认缺陷；不等于证明无缺陷","passed：10通过/0失败；final-vitest.json","94f4461c1198e25d45c5d915a37a147c9c325106a8eeac8b5d11715e975af27d","5382","交付快照"
"tests/projectTaskSelectors.test.js","测试/夹具","自有","较高（数据/权限/时间/金额/运行边界）","已纳入并检查（方法及运行限制见本行）","完整AST/导入与断言结构审查；实际全库执行；不宣称逐字人工审阅全部历史用例","root/independent_review","","未另确认缺陷；不等于证明无缺陷","passed：3通过/0失败；final-vitest.json","8408b1ee97eea4112e092357b92a482bbbb04403dd5b2d600c34d1ca7b6a9c27","2483","交付快照"
"tests/projectTaskWorkbench.test.js","测试/夹具","自有","较高（数据/权限/时间/金额/运行边界）","已纳入并检查（方法及运行限制见本行）","完整AST/导入与断言结构审查；实际全库执行；不宣称逐字人工审阅全部历史用例","root/independent_review","","未另确认缺陷；不等于证明无缺陷","passed：3通过/0失败；final-vitest.json","eec41e5969936d0309f6721f2f2732e8626e77cc391d821482c928dbba800098","2828","交付快照"
"tests/projectTimezoneSync.test.js","测试/夹具","自有","较高（数据/权限/时间/金额/运行边界）","已纳入并检查（方法及运行限制见本行）","完整AST/导入与断言结构审查；实际全库执行；不宣称逐字人工审阅全部历史用例","root/independent_review","","未另确认缺陷；不等于证明无缺陷","passed：1通过/0失败；final-vitest.json","66e38eb91061c3bf8837342dddc49d288fbec9e14189eb6c33be7fdacf0edc83","3433","交付快照"
"tests/projectWorkbenchInteractions.test.js","测试/夹具","自有","较高（数据/权限/时间/金额/运行边界）","已纳入并检查（方法及运行限制见本行）","完整AST/导入与断言结构审查；实际全库执行；不宣称逐字人工审阅全部历史用例","root/independent_review","","未另确认缺陷；不等于证明无缺陷","passed：5通过/0失败；final-vitest.json","a1fd10b85932822b3d87d8bac47a14ffc8f026ac172b4f46176a68d13efca839","3707","交付快照"
"tests/projectsFormErrorBinding.test.js","测试/夹具","自有","较高（数据/权限/时间/金额/运行边界）","已纳入并检查（方法及运行限制见本行）","完整AST/导入与断言结构审查；实际全库执行；不宣称逐字人工审阅全部历史用例","root/independent_review","","未另确认缺陷；不等于证明无缺陷","passed：6通过/0失败；final-vitest.json","b4ddc1fa2cbfec6ad74016f84ea398014a4af131a124249987ac1a6aab0bfd15","8490","交付快照"
"tests/projectsService.test.js","测试/夹具","自有","较高（数据/权限/时间/金额/运行边界）","已纳入并检查（方法及运行限制见本行）","完整AST/导入与断言结构审查；实际全库执行；不宣称逐字人工审阅全部历史用例","root/independent_review","","未另确认缺陷；不等于证明无缺陷","passed：4通过/0失败；final-vitest.json","33a2cc9598f3b517f3a830f652c7c0f707158752ec73620d2d0ac058efd0337d","2674","交付快照"
"tests/projectsTaskVirtualization.test.js","测试/夹具","自有","较高（数据/权限/时间/金额/运行边界）","已纳入并检查（方法及运行限制见本行）","完整AST/导入与断言结构审查；实际全库执行；不宣称逐字人工审阅全部历史用例","root/independent_review","","未另确认缺陷；不等于证明无缺陷","passed：4通过/0失败；final-vitest.json","bebc7a4b2fde8bdcbc358fc7b34e65ac8d1ffb2724aa21aa3d43f85ba9611feb","3756","交付快照"
"tests/promptDialogMigration.test.js","测试/夹具","自有","常规","已纳入并检查（方法及运行限制见本行）","完整AST/导入与断言结构审查；实际全库执行；不宣称逐字人工审阅全部历史用例","root/independent_review","","未另确认缺陷；不等于证明无缺陷","passed：18通过/0失败；final-vitest.json","e67554adc5c028ca559a7f1ebb0b7e28e65f49a80c2521386e1b185ded1d9677","32776","交付快照"
"tests/pwaStartupRecovery.test.js","测试/夹具","自有","常规","已纳入并检查（方法及运行限制见本行）","完整AST/导入与断言结构审查；实际全库执行；不宣称逐字人工审阅全部历史用例","root/independent_review","","未另确认缺陷；不等于证明无缺陷","passed：5通过/0失败；final-vitest.json","ce7ce2cd6949d974e55cf92879980aae132bf80256388a777776755458cb6c35","5903","交付快照"
"tests/quickCapture.test.js","测试/夹具","自有","常规","已纳入并检查（方法及运行限制见本行）","完整AST/导入与断言结构审查；实际全库执行；不宣称逐字人工审阅全部历史用例","root/independent_review","","未另确认缺陷；不等于证明无缺陷","passed：5通过/0失败；final-vitest.json","68cf86393ac0cb618673810570093c7d1335e6dc751a453b1eabf071e96f4709","1370","交付快照"
"tests/quickEntryModalClose.test.js","测试/夹具","自有","常规","已纳入并检查（方法及运行限制见本行）","完整AST/导入与断言结构审查；实际全库执行；不宣称逐字人工审阅全部历史用例","root/independent_review","","未另确认缺陷；不等于证明无缺陷","passed：8通过/0失败；final-vitest.json","0616471cdb72dd47dab20169ff71e01dbed4983d097618ab2e28e89b1b448757","10236","交付快照"
"tests/quickRecord.test.js","测试/夹具","自有","常规","已纳入并检查（方法及运行限制见本行）","完整AST/导入与断言结构审查；实际全库执行；不宣称逐字人工审阅全部历史用例","root/independent_review","","未另确认缺陷；不等于证明无缺陷","passed：26通过/0失败；final-vitest.json","410e10ee763f541a157de3dd80e78bd1bb3031aa6ba123735d267b43bdd5e7e8","7229","交付快照"
"tests/quickRecordAdapters.test.js","测试/夹具","自有","常规","已纳入并检查（方法及运行限制见本行）","完整AST/导入与断言结构审查；实际全库执行；不宣称逐字人工审阅全部历史用例","root/independent_review","","未另确认缺陷；不等于证明无缺陷","passed：20通过/0失败；final-vitest.json","0b35576e1bcd8ff9d4fe0d192dc961e6d0a2d50d3529ffae898821de617421c0","11405","交付快照"
"tests/quickRecordConcurrency.test.js","测试/夹具","自有","常规","已纳入并检查（方法及运行限制见本行）","完整AST/导入与断言结构审查；实际全库执行；不宣称逐字人工审阅全部历史用例","root/independent_review","","未另确认缺陷；不等于证明无缺陷","passed：5通过/0失败；final-vitest.json","4b1ec7d925cf572a808c7446dd4aaba02802d9eda3c93ac587e14f152f84cf22","5244","交付快照"
"tests/quickRecordExperience.test.js","测试/夹具","自有","常规","已纳入并检查（方法及运行限制见本行）","完整AST/导入与断言结构审查；实际全库执行；不宣称逐字人工审阅全部历史用例","root/independent_review","","未另确认缺陷；不等于证明无缺陷","passed：12通过/0失败；final-vitest.json","b1be0f11c575884c3320b5701302ae75d72c088e52201a7f0ba63b258aaee5c4","10211","交付快照"
"tests/quickRecordPanel.test.js","测试/夹具","自有","常规","已纳入并检查（方法及运行限制见本行）","完整AST/导入与断言结构审查；实际全库执行；不宣称逐字人工审阅全部历史用例","root/independent_review","","未另确认缺陷；不等于证明无缺陷","passed：12通过/0失败；final-vitest.json","fd305baf79619b658961b09f135306359e1f18bcd54839a74cca05a6bc5eb746","5420","交付快照"
"tests/quickRecordWorkflow.test.js","测试/夹具","自有","常规","已纳入并检查（方法及运行限制见本行）","完整AST/导入与断言结构审查；实际全库执行；不宣称逐字人工审阅全部历史用例","root/independent_review","","未另确认缺陷；不等于证明无缺陷","passed：16通过/0失败；final-vitest.json","6a0049c79f57ddf984f18b41ee3871910a9dc393ea84a73deec43df0d5636371","5196","交付快照"
"tests/ratchetHardcoding.test.js","测试/夹具","自有","常规","已纳入并检查（方法及运行限制见本行）","完整AST/导入与断言结构审查；实际全库执行；不宣称逐字人工审阅全部历史用例","root/independent_review","","未另确认缺陷；不等于证明无缺陷","passed：23通过/0失败；final-vitest.json","ca40d4e336062ef9935c999fb8ee8712ec13125f6a5093981eb0ed8881e8e547","23816","交付快照"
"tests/reducedMotionScroll.test.js","测试/夹具","自有","常规","已纳入并检查（方法及运行限制见本行）","完整AST/导入与断言结构审查；实际全库执行；不宣称逐字人工审阅全部历史用例","root/independent_review","","未另确认缺陷；不等于证明无缺陷","passed：14通过/0失败；final-vitest.json","26479e358ffe1f3e7119453e80681bfd64b741cb770aed291bf74af161eee44b","12298","交付快照"
"tests/referenceIntegrity.test.js","测试/夹具","自有","常规","已纳入并检查（方法及运行限制见本行）","完整AST/导入与断言结构审查；实际全库执行；不宣称逐字人工审阅全部历史用例","root/independent_review","","未另确认缺陷；不等于证明无缺陷","passed：8通过/0失败；final-vitest.json","4ad941e5b4f64fdf73d72ea4d71307b4a272a7f87c6d782a63f9f9ac6bf1b1ae","10300","交付快照"
"tests/refund.test.js","测试/夹具","自有","常规","已纳入并检查（方法及运行限制见本行）","完整AST/导入与断言结构审查；实际全库执行；不宣称逐字人工审阅全部历史用例","root/independent_review","","未另确认缺陷；不等于证明无缺陷","passed：6通过/0失败；final-vitest.json","efaf675b7bdb6571879c2f94941efd15291a2e4c60a8a718d36ea4030cf76ed2","4163","交付快照"
"tests/releaseNotes.test.js","测试/夹具","自有","常规","已纳入并检查（方法及运行限制见本行）","完整AST/导入与断言结构审查；实际全库执行；不宣称逐字人工审阅全部历史用例","root/independent_review","","未另确认缺陷；不等于证明无缺陷","passed：7通过/0失败；final-vitest.json","634af3fbfd716cdb4100e130bd31ac0146c8d4b6d03fea9b2fa9b3f9de174c15","2980","交付快照"
"tests/releaseReadme.test.js","测试/夹具","自有","常规","已纳入并检查（方法及运行限制见本行）","完整AST/导入与断言结构审查；实际全库执行；不宣称逐字人工审阅全部历史用例","root/independent_review","","未另确认缺陷；不等于证明无缺陷","passed：4通过/0失败；final-vitest.json","e7cb26a341668823634e6cd1db8c4e7bac3386c376dedd10eff9c8cd91543b31","2138","交付快照"
"tests/reminderScheduler.test.js","测试/夹具","自有","常规","已纳入并检查（方法及运行限制见本行）","完整AST/导入与断言结构审查；实际全库执行；不宣称逐字人工审阅全部历史用例","root/independent_review","","未另确认缺陷；不等于证明无缺陷","passed：9通过/0失败；final-vitest.json","e3a8ca98532107b6742d57ec617d8431f3a5da403ec825a19caa2214e237ac2b","7258","交付快照"
"tests/renderedHeadingOrder.test.js","测试/夹具","自有","常规","已纳入并检查（方法及运行限制见本行）","完整AST/导入与断言结构审查；实际全库执行；不宣称逐字人工审阅全部历史用例","root/independent_review","","未另确认缺陷；不等于证明无缺陷","passed：4通过/0失败；final-vitest.json","e4439d868b50d2ecd09c8622458e8ec81da876a6cff94ef3525cb361d5d89c48","7821","交付快照"
"tests/restoreBackupScope.test.js","测试/夹具","自有","较高（数据/权限/时间/金额/运行边界）","已纳入并检查（方法及运行限制见本行）","完整AST/导入与断言结构审查；实际全库执行；不宣称逐字人工审阅全部历史用例","root/independent_review","","未另确认缺陷；不等于证明无缺陷","passed：8通过/0失败；final-vitest.json","5e3618cf264ce0457d6b10bfb403c889c1d3caa12de4fa24a2c8a676d47e06b3","6097","交付快照"
"tests/retiredNotesMigration.test.js","测试/夹具","自有","常规","已纳入并检查（方法及运行限制见本行）","完整AST/导入与断言结构审查；实际全库执行；不宣称逐字人工审阅全部历史用例","root/independent_review","","未另确认缺陷；不等于证明无缺陷","passed：1通过/0失败；final-vitest.json","c4a4f82301dbcdc7c515fde97ae8d2228b5bf5111f9f6d684825d1c828a536a8","804","交付快照"
"tests/retrospective.test.js","测试/夹具","自有","常规","已纳入并检查（方法及运行限制见本行）","完整AST/导入与断言结构审查；实际全库执行；不宣称逐字人工审阅全部历史用例","root/independent_review","","未另确认缺陷；不等于证明无缺陷","passed：6通过/0失败；final-vitest.json","056f9fd5c6f0129dc21d5f223462e7105b4ff513adcca9a403525f8edf30cb52","4229","交付快照"
"tests/reviewCharts.test.js","测试/夹具","自有","常规","已纳入并检查（方法及运行限制见本行）","完整AST/导入与断言结构审查；实际全库执行；不宣称逐字人工审阅全部历史用例","root/independent_review","","未另确认缺陷；不等于证明无缺陷","passed：46通过/0失败；final-vitest.json","9a88c608017c80d5abdf97791a373c027d83770211b857f2de1c4dbb059c3786","28246","交付快照"
"tests/routeAnnouncement.test.js","测试/夹具","自有","常规","已纳入并检查（方法及运行限制见本行）","完整AST/导入与断言结构审查；实际全库执行；不宣称逐字人工审阅全部历史用例","root/independent_review","","未另确认缺陷；不等于证明无缺陷","passed：3通过/0失败；final-vitest.json","dc5254afbedfff4a5ce8ad65d34ce615720a22c5bad3b710f824a340445a3335","4343","交付快照"
"tests/routeFallback.test.js","测试/夹具","自有","常规","已纳入并检查（方法及运行限制见本行）","完整AST/导入与断言结构审查；实际全库执行；不宣称逐字人工审阅全部历史用例","root/independent_review","","未另确认缺陷；不等于证明无缺陷","passed：2通过/0失败；final-vitest.json","4e7a8c0fe5150463021b42ee4a7142050698936070e008d2d6d6e95691c0c3bf","1008","交付快照"
"tests/routePreload.test.js","测试/夹具","自有","常规","已纳入并检查（方法及运行限制见本行）","完整AST/导入与断言结构审查；实际全库执行；不宣称逐字人工审阅全部历史用例","root/independent_review","","未另确认缺陷；不等于证明无缺陷","passed：2通过/0失败；final-vitest.json","b900a1f86c392c0d30c077772a709b317383b96d0b05d82ed127ae858bd07f19","1477","交付快照"
"tests/safariApiGuards.test.js","测试/夹具","自有","常规","已纳入并检查（方法及运行限制见本行）","完整AST/导入与断言结构审查；实际全库执行；不宣称逐字人工审阅全部历史用例","root/independent_review","","未另确认缺陷；不等于证明无缺陷","passed：2通过/0失败；final-vitest.json","8a67378cef2f2f6ac71df985072154a54ad4ff6b22aa0dd9c22d5396c9909a95","7300","交付快照"
"tests/scheduleAdjustments.test.js","测试/夹具","自有","较高（数据/权限/时间/金额/运行边界）","已纳入并检查（方法及运行限制见本行）","完整AST/导入与断言结构审查；实际全库执行；不宣称逐字人工审阅全部历史用例","root/independent_review","","未另确认缺陷；不等于证明无缺陷","passed：18通过/0失败；final-vitest.json","46ad1a319eb9c5f65628a31315e461f99f40ed6ef2b5164d1d0b529452c71045","6028","交付快照"
"tests/scheduleAdjustmentsUi.test.js","测试/夹具","自有","较高（数据/权限/时间/金额/运行边界）","已纳入并检查（方法及运行限制见本行）","完整AST/导入与断言结构审查；实际全库执行；不宣称逐字人工审阅全部历史用例","root/independent_review","","未另确认缺陷；不等于证明无缺陷","passed：23通过/0失败；final-vitest.json","5600087526c22fc486dfe3dfdaa1e77026137725edf198e4ecbc7040138b6427","18155","交付快照"
"tests/scheduleDates.test.js","测试/夹具","自有","较高（数据/权限/时间/金额/运行边界）","已纳入并检查（方法及运行限制见本行）","完整AST/导入与断言结构审查；实际全库执行；不宣称逐字人工审阅全部历史用例","root/independent_review","","未另确认缺陷；不等于证明无缺陷","passed：4通过/0失败；final-vitest.json","1d7d74e33ed2aa95776cc177998a7bb9ba4cf8c1275848706f93ccbffbfe087a","2189","交付快照"
"tests/scheduleExceptions.test.js","测试/夹具","自有","较高（数据/权限/时间/金额/运行边界）","已纳入并检查（方法及运行限制见本行）","完整AST/导入与断言结构审查；实际全库执行；不宣称逐字人工审阅全部历史用例","root/independent_review","","未另确认缺陷；不等于证明无缺陷","passed：6通过/0失败；final-vitest.json","25622c5ce3e14da996fba0dbc007d886d83ecf1ebe6fdcfb21a78a76b61323ea","3350","交付快照"
"tests/scheduleGridRoving.test.js","测试/夹具","自有","较高（数据/权限/时间/金额/运行边界）","已纳入并检查（方法及运行限制见本行）","完整AST/导入与断言结构审查；实际全库执行；不宣称逐字人工审阅全部历史用例","root/independent_review","","未另确认缺陷；不等于证明无缺陷","passed：4通过/0失败；final-vitest.json","ec13d9aa982aa49d3ac0ff90e966297fc9412b9cc340586d5f3986bbd33546ce","7771","交付快照"
"tests/scheduleMakeupSlots.test.js","测试/夹具","自有","较高（数据/权限/时间/金额/运行边界）","已纳入并检查（方法及运行限制见本行）","完整AST/导入与断言结构审查；实际全库执行；不宣称逐字人工审阅全部历史用例","root/independent_review","","未另确认缺陷；不等于证明无缺陷","passed：18通过/0失败；final-vitest.json","b381cae0adc075e8d85f45dac1bfbf68680b301ce5bb0ef4e61d0d588222c672","7390","交付快照"
"tests/scheduleNoteProtection.test.js","测试/夹具","自有","较高（数据/权限/时间/金额/运行边界）","已纳入并检查（方法及运行限制见本行）","完整AST/导入与断言结构审查；实际全库执行；不宣称逐字人工审阅全部历史用例","root/independent_review","","未另确认缺陷；不等于证明无缺陷","passed：1通过/0失败；final-vitest.json","f4bf01437a7e05bc194c21788d866ceed40dbfec645d4c30a7968803dba6979a","1159","交付快照"
"tests/scheduleOcrParser.test.js","测试/夹具","自有","较高（数据/权限/时间/金额/运行边界）","已纳入并检查（方法及运行限制见本行）","完整AST/导入与断言结构审查；实际全库执行；不宣称逐字人工审阅全部历史用例","root/independent_review","","未另确认缺陷；不等于证明无缺陷","passed：10通过/0失败；final-vitest.json","a0d49348e8aa140aea3938f6dfb720110e3f89b053773c13dca55a2d96202334","8198","交付快照"
"tests/scheduleRecognition.test.js","测试/夹具","自有","较高（数据/权限/时间/金额/运行边界）","已纳入并检查（方法及运行限制见本行）","完整AST/导入与断言结构审查；实际全库执行；不宣称逐字人工审阅全部历史用例","root/independent_review","","未另确认缺陷；不等于证明无缺陷","passed：28通过/0失败；final-vitest.json","729e70c0cc8b0df5337a08d7c1ec1ce1e5a5332d94ce526fb3632918c20b5f76","25553","交付快照"
"tests/scheduleSeasonRules.test.js","测试/夹具","自有","较高（数据/权限/时间/金额/运行边界）","已纳入并检查（方法及运行限制见本行）","完整AST/导入与断言结构审查；实际全库执行；不宣称逐字人工审阅全部历史用例","root/independent_review","","未另确认缺陷；不等于证明无缺陷","passed：5通过/0失败；final-vitest.json","2009aacc5ad268e91e1e43c6194f444fe1cb61263d9686a3b7f649397b695098","2745","交付快照"
"tests/scheduleSessionExceptions.test.js","测试/夹具","自有","较高（数据/权限/时间/金额/运行边界）","已纳入并检查（方法及运行限制见本行）","完整AST/导入与断言结构审查；实际全库执行；不宣称逐字人工审阅全部历史用例","root/independent_review","","未另确认缺陷；不等于证明无缺陷","passed：14通过/0失败；final-vitest.json","c21f4dd2f755f11c5f806a5f7e2cb411e53d1b911cda6dd1432a2e1f51e13fe3","6789","交付快照"
"tests/scopedChildReachability.test.js","测试/夹具","自有","常规","已纳入并检查（方法及运行限制见本行）","完整AST/导入与断言结构审查；实际全库执行；不宣称逐字人工审阅全部历史用例","root/independent_review","","未另确认缺陷；不等于证明无缺陷","passed：13通过/0失败；final-vitest.json","6aef1645de71cc3dde52cefa7088343b2a4f2ce42683b5512a8b1f4f1c41abd6","31983","交付快照"
"tests/searchEnhancements.test.js","测试/夹具","自有","常规","已纳入并检查（方法及运行限制见本行）","完整AST/导入与断言结构审查；实际全库执行；不宣称逐字人工审阅全部历史用例","root/independent_review","","未另确认缺陷；不等于证明无缺陷","passed：34通过/0失败；final-vitest.json","780b437044be2ed182c87875169792d7e3b64e5369ccc936cdb7967e70ceb725","26897","交付快照"
"tests/settingsPolicy.test.js","测试/夹具","自有","常规","已纳入并检查（方法及运行限制见本行）","完整AST/导入与断言结构审查；实际全库执行；不宣称逐字人工审阅全部历史用例","root/independent_review","","未另确认缺陷；不等于证明无缺陷","passed：2通过/0失败；final-vitest.json","1a3f59b6cd095e4ee1bd4a474c040457c6f43fe39fe67b630c7a4898c022e53c","2867","交付快照"
"tests/sheetDrag.test.js","测试/夹具","自有","常规","已纳入并检查（方法及运行限制见本行）","完整AST/导入与断言结构审查；实际全库执行；不宣称逐字人工审阅全部历史用例","root/independent_review","","未另确认缺陷；不等于证明无缺陷","passed：20通过/0失败；final-vitest.json","a72dff834953224d480ef3f173ebb1dca5118ae1fcff1a53bcfc9e13407ff2a3","7110","交付快照"
"tests/shellAlertQueue.test.js","测试/夹具","自有","常规","已纳入并检查（方法及运行限制见本行）","完整AST/导入与断言结构审查；实际全库执行；不宣称逐字人工审阅全部历史用例","root/independent_review","","未另确认缺陷；不等于证明无缺陷","passed：6通过/0失败；final-vitest.json","5271af6e7de963a64387e8c1db77ee0afb7a6328dcc8fb918664c0a78f9b03c7","16472","交付快照"
"tests/shellToolEntries.test.js","测试/夹具","自有","常规","已纳入并检查（方法及运行限制见本行）","完整AST/导入与断言结构审查；实际全库执行；不宣称逐字人工审阅全部历史用例","root/independent_review","","未另确认缺陷；不等于证明无缺陷","passed：2通过/0失败；final-vitest.json","ff59568ee09b63b5fe0041d61857a6261c940980d8f578b20643478f861711a6","4339","交付快照"
"tests/sidebarDrawer.test.js","测试/夹具","自有","常规","已纳入并检查（方法及运行限制见本行）","完整AST/导入与断言结构审查；实际全库执行；不宣称逐字人工审阅全部历史用例","root/independent_review","","未另确认缺陷；不等于证明无缺陷","passed：29通过/0失败；final-vitest.json","c20ddefd3037009155ffcbf56fc15b188f9a448f9ba7a650b0b843bc81dbadc2","34496","交付快照"
"tests/sidebarMoreSheetEscape.test.js","测试/夹具","自有","常规","已纳入并检查（方法及运行限制见本行）","完整AST/导入与断言结构审查；实际全库执行；不宣称逐字人工审阅全部历史用例","root/independent_review","","未另确认缺陷；不等于证明无缺陷","passed：3通过/0失败；final-vitest.json","caa9e76650cc5a1aad07b7cf7da39fd7c72f6bc3e23a930011e9b0556c9cca36","5344","交付快照"
"tests/smartClassify.test.js","测试/夹具","自有","常规","已纳入并检查（方法及运行限制见本行）","完整AST/导入与断言结构审查；实际全库执行；不宣称逐字人工审阅全部历史用例","root/independent_review","","未另确认缺陷；不等于证明无缺陷","passed：6通过/0失败；final-vitest.json","58cf1d000230af6f4fbddf9e2b55f80098380fd6838212c878c4586574c15a06","2056","交付快照"
"tests/socialWritePolicyGuard.test.js","测试/夹具","自有","常规","已纳入并检查（方法及运行限制见本行）","完整AST/导入与断言结构审查；实际全库执行；不宣称逐字人工审阅全部历史用例","root/independent_review","","未另确认缺陷；不等于证明无缺陷","passed：4通过/0失败；final-vitest.json","91ac3bfa2ef43a89f8799a0e4147ca999a28fa991a68c37ac7c4ab7ee3124e30","1601","交付快照"
"tests/sourceSignature.test.js","测试/夹具","自有","常规","已纳入并检查（方法及运行限制见本行）","完整AST/导入与断言结构审查；实际全库执行；不宣称逐字人工审阅全部历史用例","root/independent_review","","未另确认缺陷；不等于证明无缺陷","passed：2通过/0失败；final-vitest.json","3e4f1a91dc6904333c6e44b530a8c79196fb63a65eeceff6938dba199b0266a1","2630","交付快照"
"tests/startupGate.test.js","测试/夹具","自有","常规","已纳入并检查（方法及运行限制见本行）","完整AST/导入与断言结构审查；实际全库执行；不宣称逐字人工审阅全部历史用例","root/independent_review","","未另确认缺陷；不等于证明无缺陷","passed：3通过/0失败；final-vitest.json","d3be25da3b9142c467c80384c819c11efaf668ebfe711020a8af740af066d28e","1956","交付快照"
"tests/startupStatus.test.js","测试/夹具","自有","常规","已纳入并检查（方法及运行限制见本行）","完整AST/导入与断言结构审查；实际全库执行；不宣称逐字人工审阅全部历史用例","root/independent_review","","未另确认缺陷；不等于证明无缺陷","passed：9通过/0失败；final-vitest.json","1f91955e8d4474d716bf9c3bb75917588885582eb3e64aafee929f7eec7f42c4","4260","交付快照"
"tests/storageCorruptionResilience.test.js","测试/夹具","自有","常规","已纳入并检查（方法及运行限制见本行）","完整AST/导入与断言结构审查；实际全库执行；不宣称逐字人工审阅全部历史用例","root/independent_review","","未另确认缺陷；不等于证明无缺陷","passed：194通过/0失败；final-vitest.json","8c41a7bc655d515c79a297bd36045be1f6cba5ad93c3fde824401b34354a6e72","11498","交付快照"
"tests/storagePerformance.test.js","测试/夹具","自有","常规","已纳入并检查（方法及运行限制见本行）","完整AST/导入与断言结构审查；实际全库执行；不宣称逐字人工审阅全部历史用例","root/independent_review","","未另确认缺陷；不等于证明无缺陷","passed：4通过/0失败；final-vitest.json","88d94606dd4e6f75cb2745da074536db279932303dc3dc2b9c6cf013a3be3505","1724","交付快照"
"tests/storagePersistence.test.js","测试/夹具","自有","较高（数据/权限/时间/金额/运行边界）","已纳入并检查（方法及运行限制见本行）","完整AST/导入与断言结构审查；实际全库执行；不宣称逐字人工审阅全部历史用例","root/independent_review","","未另确认缺陷；不等于证明无缺陷","passed：3通过/0失败；final-vitest.json","4c6694bafbfb039eb4e3b44971f04cf7a7e1e9fc7fb4eedb922a5412ebc53372","2697","交付快照"
"tests/storeExplicitCommitSeam.test.js","测试/夹具","自有","常规","已纳入并检查（方法及运行限制见本行）","完整AST/导入与断言结构审查；实际全库执行；不宣称逐字人工审阅全部历史用例","root/independent_review","","未另确认缺陷；不等于证明无缺陷","passed：15通过/0失败；final-vitest.json","eb9378a651cb8b752be2ad78944cfba75f079a4dd4613541f58d7ab162d49ce4","3719","交付快照"
"tests/storePersistence.test.js","测试/夹具","自有","较高（数据/权限/时间/金额/运行边界）","已纳入并检查（方法及运行限制见本行）","完整AST/导入与断言结构审查；实际全库执行；不宣称逐字人工审阅全部历史用例","root/independent_review","","未另确认缺陷；不等于证明无缺陷","passed：14通过/0失败；final-vitest.json","765a81fe6dbd95536ddf391a9f39a79e8b00c38ac14333846f163efe1554ed5f","13960","交付快照"
"tests/studyBlockSuggestions.test.js","测试/夹具","自有","常规","已纳入并检查（方法及运行限制见本行）","完整AST/导入与断言结构审查；实际全库执行；不宣称逐字人工审阅全部历史用例","root/independent_review","","未另确认缺陷；不等于证明无缺陷","passed：6通过/0失败；final-vitest.json","900cce64d09557f024319d0ae15e8282ca1072698342b74649e0060f01e4830c","2881","交付快照"
"tests/styleComments.test.js","测试/夹具","自有","常规","已纳入并检查（方法及运行限制见本行）","完整AST/导入与断言结构审查；实际全库执行；不宣称逐字人工审阅全部历史用例","root/independent_review","","未另确认缺陷；不等于证明无缺陷","passed：6通过/0失败；final-vitest.json","39b25b497fda86dab23d02ba360ab5641c22e34d42743a838cc3269587bd782c","6260","交付快照"
"tests/styleHooks.test.js","测试/夹具","自有","常规","已纳入并检查（方法及运行限制见本行）","完整AST/导入与断言结构审查；实际全库执行；不宣称逐字人工审阅全部历史用例","root/independent_review","","未另确认缺陷；不等于证明无缺陷","passed：7通过/0失败；final-vitest.json","f7fcb2462d0bc001be291999aee719acc4fcdd5cb3de5a308fcf4e76ae9eff1d","12979","交付快照"
"tests/supabaseBuildChecks.test.js","测试/夹具","自有","较高（数据/权限/时间/金额/运行边界）","已纳入并检查（方法及运行限制见本行）","完整AST/导入与断言结构审查；实际全库执行；不宣称逐字人工审阅全部历史用例","root/independent_review","","未另确认缺陷；不等于证明无缺陷","passed：5通过/0失败；final-vitest.json","e7ddf59453db676ac287c719428f98af830829802fa14f61923aeb6e795127e4","2450","交付快照"
"tests/swipeActionItem.test.js","测试/夹具","自有","常规","已纳入并检查（方法及运行限制见本行）","完整AST/导入与断言结构审查；实际全库执行；不宣称逐字人工审阅全部历史用例","root/independent_review","","未另确认缺陷；不等于证明无缺陷","passed：10通过/0失败；final-vitest.json","cd290458b40175f57608014b69b0e2a1d963514c820802c26a20a4c3504f6943","7505","交付快照"
"tests/syncDirtyAllowlist.test.js","测试/夹具","自有","较高（数据/权限/时间/金额/运行边界）","已纳入并检查（方法及运行限制见本行）","完整AST/导入与断言结构审查；实际全库执行；不宣称逐字人工审阅全部历史用例","root/independent_review","","未另确认缺陷；不等于证明无缺陷","passed：50通过/0失败；final-vitest.json","9c7f8350cfff92a82722438ef6f592e1ee4062e0cbeb0b09676b5ea2ec1b7d6b","2718","交付快照"
"tests/syncMerge.test.js","测试/夹具","自有","较高（数据/权限/时间/金额/运行边界）","已纳入并检查（方法及运行限制见本行）","完整AST/导入与断言结构审查；实际全库执行；不宣称逐字人工审阅全部历史用例","root/independent_review","","未另确认缺陷；不等于证明无缺陷","passed：12通过/0失败；final-vitest.json","ebe28408518f5b37299be104df48b8d5b9e71a20f59143321a574501ad0ff69e","7164","交付快照"
"tests/syncSandbox.test.js","测试/夹具","自有","较高（数据/权限/时间/金额/运行边界）","已纳入并检查（方法及运行限制见本行）","完整AST/导入与断言结构审查；实际全库执行；不宣称逐字人工审阅全部历史用例","root/independent_review","","未另确认缺陷；不等于证明无缺陷","passed：15通过/0失败；final-vitest.json","b156f4bcdc128c6766d472b95d87e55af09564cffa8c35d849b316005287c4cb","19768","交付快照"
"tests/tabKeys.test.js","测试/夹具","自有","常规","已纳入并检查（方法及运行限制见本行）","完整AST/导入与断言结构审查；实际全库执行；不宣称逐字人工审阅全部历史用例","root/independent_review","","未另确认缺陷；不等于证明无缺陷","passed：9通过/0失败；final-vitest.json","f384cbc1acc17944528280ad6437814327255708fecb74593b76691c4b43e825","6850","交付快照"
"tests/tabOrderAndNames.test.js","测试/夹具","自有","常规","已纳入并检查（方法及运行限制见本行）","完整AST/导入与断言结构审查；实际全库执行；不宣称逐字人工审阅全部历史用例","root/independent_review","","未另确认缺陷；不等于证明无缺陷","passed：12通过/0失败；final-vitest.json","0f9f714a96ab057a88b005f7f0f0118fd02a84aa13eb8e551cd992bafe7cebce","17431","交付快照"
"tests/tabPanelSemantics.test.js","测试/夹具","自有","常规","已纳入并检查（方法及运行限制见本行）","完整AST/导入与断言结构审查；实际全库执行；不宣称逐字人工审阅全部历史用例","root/independent_review","","未另确认缺陷；不等于证明无缺陷","passed：8通过/0失败；final-vitest.json","194b4137b1464c6fd3329b7ed2cf199d3b78591630850c15972d92bd7794876a","14071","交付快照"
"tests/tableSemantics.test.js","测试/夹具","自有","常规","已纳入并检查（方法及运行限制见本行）","完整AST/导入与断言结构审查；实际全库执行；不宣称逐字人工审阅全部历史用例","root/independent_review","","未另确认缺陷；不等于证明无缺陷","passed：7通过/0失败；final-vitest.json","82bdc64f7a40c21e3f52653461a4da40fb5f9b5d11261022cf679262bd00e236","6536","交付快照"
"tests/taskBoardVirtualization.test.js","测试/夹具","自有","常规","已纳入并检查（方法及运行限制见本行）","完整AST/导入与断言结构审查；实际全库执行；不宣称逐字人工审阅全部历史用例","root/independent_review","","未另确认缺陷；不等于证明无缺陷","passed：1通过/0失败；final-vitest.json","67e367537e67871f6b5d4abb9ca7f441093fb8dc3779552d725a844c6d932c04","1232","交付快照"
"tests/taskCenter.test.js","测试/夹具","自有","常规","已纳入并检查（方法及运行限制见本行）","完整AST/导入与断言结构审查；实际全库执行；不宣称逐字人工审阅全部历史用例","root/independent_review","","未另确认缺陷；不等于证明无缺陷","passed：21通过/0失败；final-vitest.json","dddd14a49f2de64684d1bdb34c89d9aa998905bcf1d013fca4a0f6fde94c61c8","10707","交付快照"
"tests/taskCourseLinks.test.js","测试/夹具","自有","常规","已纳入并检查（方法及运行限制见本行）","完整AST/导入与断言结构审查；实际全库执行；不宣称逐字人工审阅全部历史用例","root/independent_review","","未另确认缺陷；不等于证明无缺陷","passed：2通过/0失败；final-vitest.json","771105f5565ce1ee92715eeefbae8adcda889ef8549c6e6dff991752ab41f3e6","1209","交付快照"
"tests/taskEditor.test.js","测试/夹具","自有","常规","已纳入并检查（方法及运行限制见本行）","完整AST/导入与断言结构审查；实际全库执行；不宣称逐字人工审阅全部历史用例","root/independent_review","","未另确认缺陷；不等于证明无缺陷","passed：10通过/0失败；final-vitest.json","27ae194e3386042a90a6c2b779f59a8f0fd53283c063694b4bb917c6bc544f14","5052","交付快照"
"tests/taskProgress.test.js","测试/夹具","自有","常规","已纳入并检查（方法及运行限制见本行）","完整AST/导入与断言结构审查；实际全库执行；不宣称逐字人工审阅全部历史用例","root/independent_review","","未另确认缺陷；不等于证明无缺陷","passed：9通过/0失败；final-vitest.json","ea141f621a6256b8ef6fe1d238094e882d0a79232aa3bd6f2c63b1b4f55ecc22","4946","交付快照"
"tests/taskRepeatRules.test.js","测试/夹具","自有","常规","已纳入并检查（方法及运行限制见本行）","完整AST/导入与断言结构审查；实际全库执行；不宣称逐字人工审阅全部历史用例","root/independent_review","","未另确认缺陷；不等于证明无缺陷","passed：23通过/0失败；final-vitest.json","905768d073681e1d46ea8216d2d24b90b215db3a45a5443643b0c94cad60f1e9","11947","交付快照"
"tests/taskStageReminders.test.js","测试/夹具","自有","常规","已纳入并检查（方法及运行限制见本行）","完整AST/导入与断言结构审查；实际全库执行；不宣称逐字人工审阅全部历史用例","root/independent_review","","未另确认缺陷；不等于证明无缺陷","passed：4通过/0失败；final-vitest.json","400549fd3e749c33c10b9b5f490ffd1a722e359a9290d32722ab62475d2c2f25","4256","交付快照"
"tests/taskTimeInteractions.test.js","测试/夹具","自有","常规","已纳入并检查（方法及运行限制见本行）","完整AST/导入与断言结构审查；实际全库执行；不宣称逐字人工审阅全部历史用例","root/independent_review","","未另确认缺陷；不等于证明无缺陷","passed：12通过/0失败；final-vitest.json","d4146fbc1221c84aa779e13ad0cf816b6796e7e43a72e52ac52cab59580a1470","11686","交付快照"
"tests/taskTimeLocalTimezone.test.js","测试/夹具","自有","常规","已纳入并检查（方法及运行限制见本行）","完整AST/导入与断言结构审查；实际全库执行；不宣称逐字人工审阅全部历史用例","root/independent_review","","未另确认缺陷；不等于证明无缺陷","passed：3通过/0失败；final-vitest.json","916033312811f4a08bbb223f5771c1db4b406d35fd56b54a4c087a122f328baa","7273","交付快照"
"tests/taskTimePersistence.test.js","测试/夹具","自有","较高（数据/权限/时间/金额/运行边界）","已纳入并检查（方法及运行限制见本行）","完整AST/导入与断言结构审查；实际全库执行；不宣称逐字人工审阅全部历史用例","root/independent_review","","未另确认缺陷；不等于证明无缺陷","passed：5通过/0失败；final-vitest.json","7a156be94e232bd9600acf17d1401f5afb452455562716228ec0890f207ae8d3","4793","交付快照"
"tests/taskTimePlan.test.js","测试/夹具","自有","常规","已纳入并检查（方法及运行限制见本行）","完整AST/导入与断言结构审查；实际全库执行；不宣称逐字人工审阅全部历史用例","root/independent_review","","未另确认缺陷；不等于证明无缺陷","passed：23通过/0失败；final-vitest.json","1a68b8a7879b9e043ac93d0f8af69ea91a148f1875aeb6a65bcfc5916dd1fcab","15626","交付快照"
"tests/taskWorkProgress.test.js","测试/夹具","自有","常规","已纳入并检查（方法及运行限制见本行）","完整AST/导入与断言结构审查；实际全库执行；不宣称逐字人工审阅全部历史用例","root/independent_review","","未另确认缺陷；不等于证明无缺陷","passed：3通过/0失败；final-vitest.json","2e28bc434a86fd287855a924eec9e19ba57c57d2b81e79b4c4651c9d87b9c45c","1806","交付快照"
"tests/taskWorkSession.test.js","测试/夹具","自有","常规","已纳入并检查（方法及运行限制见本行）","完整AST/导入与断言结构审查；实际全库执行；不宣称逐字人工审阅全部历史用例","root/independent_review","","未另确认缺陷；不等于证明无缺陷","passed：3通过/0失败；final-vitest.json","4d7d20826655d5b9930afb31bdc1bb5db015bbf680d81d6a66587c65c2c0fe4f","2850","交付快照"
"tests/templateBindingIntegrity.test.js","测试/夹具","自有","常规","已纳入并检查（方法及运行限制见本行）","完整AST/导入与断言结构审查；实际全库执行；不宣称逐字人工审阅全部历史用例","root/independent_review","","未另确认缺陷；不等于证明无缺陷","passed：3通过/0失败；final-vitest.json","98aff9945e9aabef3e1aa7d3a5a9e15113dff99a52b4f39d2fb7418d12634847","7048","交付快照"
"tests/timeConfig.test.js","测试/夹具","自有","常规","已纳入并检查（方法及运行限制见本行）","完整AST/导入与断言结构审查；实际全库执行；不宣称逐字人工审阅全部历史用例","root/independent_review","","未另确认缺陷；不等于证明无缺陷","passed：3通过/0失败；final-vitest.json","2ce15475964960fb5dfeda940c217d3fd922efa2c4c11acd370a83e7a8bedb7e","1500","交付快照"
"tests/timeContext.test.js","测试/夹具","自有","常规","已纳入并检查（方法及运行限制见本行）","完整AST/导入与断言结构审查；实际全库执行；不宣称逐字人工审阅全部历史用例","root/independent_review","","未另确认缺陷；不等于证明无缺陷","passed：7通过/0失败；final-vitest.json","d1467b5dbe2696b9df68b23efaf69729037e52e55bb08e46b4c6ce91e72f2743","3539","交付快照"
"tests/timeGenerate.test.js","测试/夹具","自有","常规","已纳入并检查（方法及运行限制见本行）","完整AST/导入与断言结构审查；实际全库执行；不宣称逐字人工审阅全部历史用例","root/independent_review","","未另确认缺陷；不等于证明无缺陷","passed：4通过/0失败；final-vitest.json","1b4d7beea73ca9d04f7aafd62bd803165ebeb6c3f03c4a79c31260690688c81d","2423","交付快照"
"tests/timeImportPlanFailure.test.js","测试/夹具","自有","常规","已纳入并检查（方法及运行限制见本行）","完整AST/导入与断言结构审查；实际全库执行；不宣称逐字人工审阅全部历史用例","root/independent_review","","未另确认缺陷；不等于证明无缺陷","passed：5通过/0失败；final-vitest.json","cd2f2a0b2cc4399637acbe308b7fd9f4605d09e34ce5d8f3b772791cb1f4d95d","9958","交付快照"
"tests/timeResetConfirm.test.js","测试/夹具","自有","常规","已纳入并检查（方法及运行限制见本行）","完整AST/导入与断言结构审查；实际全库执行；不宣称逐字人工审阅全部历史用例","root/independent_review","","未另确认缺陷；不等于证明无缺陷","passed：3通过/0失败；final-vitest.json","112fd3764d6466aa5833c6f441c24e22561b1895b808d6b9711f69dfa883cfc4","9599","交付快照"
"tests/timetableLayoutParser.test.js","测试/夹具","自有","常规","已纳入并检查（方法及运行限制见本行）","完整AST/导入与断言结构审查；实际全库执行；不宣称逐字人工审阅全部历史用例","root/independent_review","","未另确认缺陷；不等于证明无缺陷","passed：11通过/0失败；final-vitest.json","e24ec0e08728ae165ed080231060e6962219a4fac4da0f712d26bad284c82cbc","9382","交付快照"
"tests/todayNext.test.js","测试/夹具","自有","常规","已纳入并检查（方法及运行限制见本行）","完整AST/导入与断言结构审查；实际全库执行；不宣称逐字人工审阅全部历史用例","root/independent_review","","未另确认缺陷；不等于证明无缺陷","passed：2通过/0失败；final-vitest.json","202a86d6fa5c7c72950dfb30a2002ea6089812f4e16864918f5b0929f6339db6","564","交付快照"
"tests/togetherAvailabilityStaleResponse.test.js","测试/夹具","自有","常规","已纳入并检查（方法及运行限制见本行）","完整AST/导入与断言结构审查；实际全库执行；不宣称逐字人工审阅全部历史用例","root/independent_review","","未另确认缺陷；不等于证明无缺陷","passed：2通过/0失败；final-vitest.json","4f5f8a9f1303c5e81281956951ce81c19784731ca3eadeb3c2f2042e40aff6c4","7244","交付快照"
"tests/touchTargetHooks.test.js","测试/夹具","自有","常规","已纳入并检查（方法及运行限制见本行）","完整AST/导入与断言结构审查；实际全库执行；不宣称逐字人工审阅全部历史用例","root/independent_review","","未另确认缺陷；不等于证明无缺陷","passed：10通过/0失败；final-vitest.json","9fbc7894b683ee987ea0c9bacd3303575a5bf9e582d88349c6545e86f4d9f39f","10676","交付快照"
"tests/updateNotesModal.test.js","测试/夹具","自有","常规","已纳入并检查（方法及运行限制见本行）","完整AST/导入与断言结构审查；实际全库执行；不宣称逐字人工审阅全部历史用例","root/independent_review","","未另确认缺陷；不等于证明无缺陷","passed：4通过/0失败；final-vitest.json","129e4ce007ef60549215f7ffff62af8b24d47cf572c47fd3944db16fec28c3fc","5756","交付快照"
"tests/useToastQueue.test.js","测试/夹具","自有","常规","已纳入并检查（方法及运行限制见本行）","完整AST/导入与断言结构审查；实际全库执行；不宣称逐字人工审阅全部历史用例","root/independent_review","","未另确认缺陷；不等于证明无缺陷","passed：1通过/0失败；final-vitest.json","888f79e1253c41584f7c1fdcf2233c2b91c14ecdf717ea56fb580eda933c853e","987","交付快照"
"tests/versionUpdatePanel.test.js","测试/夹具","自有","常规","已纳入并检查（方法及运行限制见本行）","完整AST/导入与断言结构审查；实际全库执行；不宣称逐字人工审阅全部历史用例","root/independent_review","","未另确认缺陷；不等于证明无缺陷","passed：4通过/0失败；final-vitest.json","1a6e0360def7ab0ac0509798dca1c6c918fa494b33f466e11a71296ab34737ac","3776","交付快照"
"tests/versionUtils.test.js","测试/夹具","自有","常规","已纳入并检查（方法及运行限制见本行）","完整AST/导入与断言结构审查；实际全库执行；不宣称逐字人工审阅全部历史用例","root/independent_review","","未另确认缺陷；不等于证明无缺陷","passed：17通过/0失败；final-vitest.json","2cb816f922ca6330117ebf955d70c6ae2cca5d87ba4b46aa34dea72f81c89d13","6795","交付快照"
"tests/viewRenderMatrix.test.js","测试/夹具","自有","常规","已纳入并检查（方法及运行限制见本行）","完整AST/导入与断言结构审查；实际全库执行；不宣称逐字人工审阅全部历史用例","root/independent_review","","未另确认缺陷；不等于证明无缺陷","passed：10通过/0失败；final-vitest.json","b7004bbcf8c34111082980a1f264eb45c531b1e59083d05875137826adf8e676","8025","交付快照"
"tests/viewScrollMemory.test.js","测试/夹具","自有","常规","已纳入并检查（方法及运行限制见本行）","完整AST/导入与断言结构审查；实际全库执行；不宣称逐字人工审阅全部历史用例","root/independent_review","","未另确认缺陷；不等于证明无缺陷","passed：12通过/0失败；final-vitest.json","b4be4d34550468db83248efb6bdff2fd2e9200602b5665d67c6c33a35f4a99f4","3361","交付快照"
"tests/virtualList.test.js","测试/夹具","自有","常规","已纳入并检查（方法及运行限制见本行）","完整AST/导入与断言结构审查；实际全库执行；不宣称逐字人工审阅全部历史用例","root/independent_review","","未另确认缺陷；不等于证明无缺陷","passed：3通过/0失败；final-vitest.json","03c6441fee4ae8b2df56baa8dd20f3652be861c1b6d2b3b48266867bc77bfacf","2650","交付快照"
"tests/voiceInput.test.js","测试/夹具","自有","常规","已纳入并检查（方法及运行限制见本行）","完整AST/导入与断言结构审查；实际全库执行；不宣称逐字人工审阅全部历史用例","root/independent_review","","未另确认缺陷；不等于证明无缺陷","passed：11通过/0失败；final-vitest.json","9b7a230a9421abf89c494d8a0ed35ab05498b95bbf1f18fb36ec6965dec6bac8","5621","交付快照"
"tests/wheelPicker.test.js","测试/夹具","自有","常规","已纳入并检查（方法及运行限制见本行）","完整AST/导入与断言结构审查；实际全库执行；不宣称逐字人工审阅全部历史用例","root/independent_review","","未另确认缺陷；不等于证明无缺陷","passed：16通过/0失败；final-vitest.json","27b546c9e15ca64d23b517a7f3c85eba79276ffad9334e05eae4b296fb1cd21d","9147","交付快照"
"tests/zonedTimeEquivalence.test.js","测试/夹具","自有","常规","已纳入并检查（方法及运行限制见本行）","完整AST/导入与断言结构审查；实际全库执行；不宣称逐字人工审阅全部历史用例","root/independent_review","","未另确认缺陷；不等于证明无缺陷","passed：6通过/0失败；final-vitest.json","90edf507ab25a59c0917d39c98a71cbf3de0bd92e6d2f8caaa0135ea1d32b13d","5882","交付快照"
"tsconfig.json","应用入口/路由/类型/根配置","自有","常规","已纳入并检查（方法及运行限制见本行）","完整自有源码或配置审阅；AST/边界/安全/构建或对应检查；新增并行项目模块经独立补读","root/independent_review","","未另确认缺陷；不等于证明无缺陷","静态检查、相关运行时回归或构建；每文件百分比未测出时不伪造","5082147f465ec8201572ae7755c863f69f3452b52e0f548bcba0ea69b294d208","574","交付快照"
"vite.config.js","应用入口/路由/类型/根配置","自有","中","已纳入并检查（方法及运行限制见本行）","complete-source-read-and-relevant-regressions-inspected","root/independent_review","R01","修复；证据见审计及测试报告","静态检查、相关运行时回归或构建；每文件百分比未测出时不伪造","ea2bd5054201cce6fbdcdfe792839bdfd7c508ff48f14a36f7091086b4c0c298","8035","交付快照"
"wrangler.jsonc","应用入口/路由/类型/根配置","自有","常规","已纳入并检查（方法及运行限制见本行）","完整自有源码或配置审阅；AST/边界/安全/构建或对应检查；新增并行项目模块经独立补读","root/independent_review","","未另确认缺陷；不等于证明无缺陷","静态检查、相关运行时回归或构建；每文件百分比未测出时不伪造","d01f6d12908b9a144b3944c8bd95bce7ac49542167811a62b78bc08341c152f2","103","交付快照"
